FNo,ObjectCount,Time,Type,Boxes
1,1,8247.548,['Hatchback'],"[[(122, 181), (216, 360)]]"
2,1,298.65799999999996,['Hatchback'],"[[(119, 182), (173, 360)]]"
3,1,319.793,['Hatchback'],"[[(120, 183), (186, 331)]]"
4,1,305.31,['Hatchback'],"[[(119, 180), (150, 337)]]"
5,1,336.078,['Hatchback'],"[[(117, 182), (145, 318)]]"
6,1,320.409,['Hatchback'],"[[(118, 181), (137, 296)]]"
7,1,309.17699999999996,['Hatchback'],"[[(119, 178), (120, 280)]]"
8,1,342.464,['Hatchback'],"[[(118, 182), (112, 258)]]"
9,1,330.746,['Hatchback'],"[[(122, 180), (87, 252)]]"
10,1,314.369,['Hatchback'],"[[(121, 181), (82, 228)]]"
11,1,362.50100000000003,['Hatchback'],"[[(120, 181), (47, 225)]]"
12,1,322.764,['Hatchback'],"[[(120, 181), (50, 193)]]"
13,1,360.402,['Hatchback'],"[[(121, 181), (26, 190)]]"
14,1,369.517,['Hatchback'],"[[(120, 180), (14, 172)]]"
15,1,335.60200000000003,['Hatchback'],"[[(119, 182), (8, 151)]]"
16,1,330.32800000000003,['Hatchback'],"[[(120, 182), (0, 134)]]"
17,1,382.053,['Hatchback'],"[[(121, 179), (0, 123)]]"
18,1,285.748,['Sedan'],"[[(125, 176), (0, 109)]]"
19,1,323.11899999999997,['Sedan'],"[[(122, 176), (0, 93)]]"
20,1,294.60999999999996,['Hatchback'],"[[(117, 181), (0, 75)]]"
21,1,340.882,['Hatchback'],"[[(114, 184), (0, 65)]]"
22,1,360.315,['Sedan'],"[[(121, 181), (0, 40)]]"
23,0,0.0,NA,NA
24,0,0.0,NA,NA
25,0,0.0,NA,NA
26,0,0.0,NA,NA
27,0,0.0,NA,NA
28,0,0.0,NA,NA
29,0,0.0,NA,NA
30,0,0.0,NA,NA
31,0,0.0,NA,NA
32,0,0.0,NA,NA
33,0,0.0,NA,NA
34,0,3.985,NA,NA
35,0,0.499,NA,NA
36,0,0.0,NA,NA
37,0,0.0,NA,NA
38,0,0.634,NA,NA
39,0,0.0,NA,NA
40,0,0.501,NA,NA
41,0,0.0,NA,NA
42,0,0.0,NA,NA
43,0,0.0,NA,NA
44,0,0.182,NA,NA
45,0,0.0,NA,NA
46,0,0.0,NA,NA
47,0,2.023,NA,NA
48,0,0.0,NA,NA
49,0,0.5,NA,NA
50,0,0.0,NA,NA
51,0,0.0,NA,NA
52,0,0.0,NA,NA
53,0,0.0,NA,NA
54,1,407.269,['Hatchback'],"[[(117, 182), (294, 360)]]"
55,1,349.166,['Hatchback'],"[[(110, 179), (282, 360)]]"
56,1,327.337,['Hatchback'],"[[(116, 183), (269, 356)]]"
57,1,371.363,['Hatchback'],"[[(116, 178), (255, 360)]]"
58,1,379.829,['Hatchback'],"[[(118, 183), (235, 360)]]"
59,1,365.272,['Hatchback'],"[[(115, 182), (221, 356)]]"
60,1,437.756,['Hatchback'],"[[(120, 185), (191, 353)]]"
61,1,116.303,['Hatchback'],"[[(119, 182), (189, 329)]]"
62,1,112.714,['Hatchback'],"[[(118, 184), (175, 316)]]"
63,1,193.024,['Hatchback'],"[[(120, 184), (156, 302)]]"
64,1,1268.516,['Hatchback'],"[[(118, 181), (146, 284)]]"
65,1,461.533,['Hatchback'],"[[(122, 180), (124, 276)]]"
66,1,531.7570000000001,['Hatchback'],"[[(116, 183), (113, 255)]]"
67,1,480.15000000000003,['Hatchback'],"[[(119, 179), (99, 239)]]"
68,1,426.709,['Hatchback'],"[[(120, 177), (79, 229)]]"
69,1,593.0360000000001,['Hatchback'],"[[(118, 179), (64, 209)]]"
70,1,413.587,['Hatchback'],"[[(116, 180), (56, 194)]]"
71,1,380.64500000000004,['Hatchback'],"[[(115, 179), (35, 181)]]"
72,1,368.69800000000004,['Hatchback'],"[[(117, 178), (23, 165)]]"
73,1,370.328,['Hatchback'],"[[(115, 181), (13, 147)]]"
74,1,548.275,['Hatchback'],"[[(117, 176), (0, 136)]]"
75,1,359.514,['Hatchback'],"[[(121, 177), (1, 117)]]"
76,1,403.98699999999997,['Hatchback'],"[[(121, 174), (0, 102)]]"
77,1,340.041,['Hatchback'],"[[(116, 174), (0, 89)]]"
78,1,332.077,['Hatchback'],"[[(116, 177), (0, 74)]]"
79,1,381.64300000000003,['Sedan'],"[[(106, 180), (0, 59)]]"
80,1,388.41999999999996,['Hatchback'],"[[(103, 177), (0, 48)]]"
81,0,0.0,NA,NA
82,0,0.559,NA,NA
83,0,0.0,NA,NA
84,0,0.058,NA,NA
85,0,0.5,NA,NA
86,0,0.768,NA,NA
87,1,367.424,['Sedan'],"[[(124, 181), (318, 360)]]"
88,1,395.041,['Sedan'],"[[(119, 186), (301, 357)]]"
89,1,387.591,['Hatchback'],"[[(118, 183), (287, 357)]]"
90,1,424.274,['Hatchback'],"[[(122, 182), (273, 357)]]"
91,1,367.817,['Hatchback'],"[[(120, 183), (258, 360)]]"
92,1,399.932,['Hatchback'],"[[(125, 182), (238, 360)]]"
93,1,447.505,['Hatchback'],"[[(123, 184), (227, 360)]]"
94,1,422.377,['Hatchback'],"[[(120, 184), (209, 354)]]"
95,1,473.067,['Hatchback'],"[[(124, 182), (196, 335)]]"
96,1,364.894,['Hatchback'],"[[(123, 181), (177, 329)]]"
97,1,537.537,['Hatchback'],"[[(125, 182), (162, 306)]]"
98,1,532.791,['Hatchback'],"[[(121, 184), (143, 294)]]"
99,1,527.2130000000001,['Hatchback'],"[[(123, 181), (129, 274)]]"
100,1,450.82,['Hatchback'],"[[(123, 184), (116, 261)]]"
101,1,459.17999999999995,['Hatchback'],"[[(121, 181), (97, 243)]]"
102,1,643.184,['Hatchback'],"[[(123, 182), (87, 230)]]"
103,1,419.128,['Hatchback'],"[[(121, 181), (38, 243)]]"
104,1,423.271,['Hatchback'],"[[(122, 180), (55, 191)]]"
105,1,337.776,['Hatchback'],"[[(119, 182), (33, 182)]]"
106,1,366.937,['Hatchback'],"[[(122, 180), (20, 160)]]"
107,1,456.582,['Hatchback'],"[[(121, 182), (9, 148)]]"
108,1,441.769,['Sedan'],"[[(119, 180), (0, 129)]]"
109,1,420.025,['Hatchback'],"[[(117, 178), (0, 119)]]"
110,1,365.789,['Hatchback'],"[[(122, 177), (0, 106)]]"
111,1,1514.397,['Hatchback'],"[[(118, 177), (0, 86)]]"
112,1,1232.981,['Sedan'],"[[(124, 177), (2, 69)]]"
113,1,714.176,['Hatchback'],"[[(121, 177), (0, 58)]]"
114,0,0.0,NA,NA
115,0,5.4510000000000005,NA,NA
116,0,1.087,NA,NA
117,0,0.0,NA,NA
118,0,0.0,NA,NA
119,0,3.999,NA,NA
120,0,0.0,NA,NA
121,0,0.28200000000000003,NA,NA
122,0,0.0,NA,NA
123,0,0.0,NA,NA
124,0,0.0,NA,NA
125,0,0.0,NA,NA
126,0,0.0,NA,NA
127,0,0.501,NA,NA
128,0,0.0,NA,NA
129,0,0.0,NA,NA
130,0,0.612,NA,NA
131,0,0.0,NA,NA
132,0,0.0,NA,NA
133,0,0.502,NA,NA
134,0,0.496,NA,NA
135,0,0.0,NA,NA
136,1,404.471,['Hatchback'],"[[(109, 180), (299, 359)]]"
137,1,527.8009999999999,['Hatchback'],"[[(109, 176), (289, 359)]]"
138,1,446.222,['Hatchback'],"[[(110, 173), (270, 360)]]"
139,1,406.9,['Sedan'],"[[(112, 170), (255, 360)]]"
140,1,369.21500000000003,['Hatchback'],"[[(114, 176), (242, 356)]]"
141,1,516.193,['Hatchback'],"[[(120, 175), (231, 360)]]"
142,1,440.558,['Hatchback'],"[[(117, 173), (215, 352)]]"
143,1,540.786,['Hatchback'],"[[(116, 173), (201, 339)]]"
144,1,477.75600000000003,['Hatchback'],"[[(119, 174), (184, 325)]]"
145,1,466.31,['Sedan'],"[[(121, 175), (172, 309)]]"
146,1,632.513,['Sedan'],"[[(119, 174), (156, 298)]]"
147,1,574.4449999999999,['Sedan'],"[[(116, 174), (137, 275)]]"
148,1,621.8829999999999,['Hatchback'],"[[(114, 172), (112, 271)]]"
149,1,587.825,['Hatchback'],"[[(116, 174), (105, 244)]]"
150,1,758.4689999999999,['Sedan'],"[[(116, 171), (93, 231)]]"
151,1,457.148,['Hatchback'],"[[(118, 171), (72, 216)]]"
152,1,411.33799999999997,['Hatchback'],"[[(116, 171), (67, 200)]]"
153,1,435.358,['Hatchback'],"[[(116, 173), (43, 187)]]"
154,1,631.398,['Hatchback'],"[[(116, 172), (32, 171)]]"
155,1,412.777,['Hatchback'],"[[(114, 175), (12, 159)]]"
156,1,423.46299999999997,['Hatchback'],"[[(119, 173), (0, 143)]]"
157,1,381.99,['Hatchback'],"[[(115, 174), (0, 132)]]"
158,1,396.071,['Hatchback'],"[[(120, 170), (0, 111)]]"
159,1,392.398,['Sedan'],"[[(117, 169), (0, 98)]]"
160,1,389.073,['Sedan'],"[[(116, 174), (0, 78)]]"
161,1,380.016,['Sedan'],"[[(109, 174), (0, 64)]]"
162,1,406.354,['Sedan'],"[[(99, 178), (2, 48)]]"
163,0,0.0,NA,NA
164,1,385.29600000000005,['Sedan'],"[[(102, 169), (1, 20)]]"
165,0,0.49799999999999994,NA,NA
166,0,0.501,NA,NA
167,0,0.0,NA,NA
168,0,0.786,NA,NA
169,0,0.0,NA,NA
170,0,1.534,NA,NA
171,0,0.0,NA,NA
172,0,0.647,NA,NA
173,0,0.0,NA,NA
174,0,0.0,NA,NA
175,0,0.0,NA,NA
176,0,0.0,NA,NA
177,0,0.0,NA,NA
178,0,0.0,NA,NA
179,0,0.0,NA,NA
180,0,0.0,NA,NA
181,0,0.0,NA,NA
182,0,0.0,NA,NA
183,0,0.0,NA,NA
184,0,0.0,NA,NA
185,0,0.0,NA,NA
186,0,0.0,NA,NA
187,0,4.760000000000001,NA,NA
188,0,0.0,NA,NA
189,0,0.501,NA,NA
190,0,0.0,NA,NA
191,0,0.532,NA,NA
192,0,0.9990000000000001,NA,NA
193,0,0.0,NA,NA
194,0,0.0,NA,NA
195,0,0.235,NA,NA
196,0,0.0,NA,NA
197,0,0.0,NA,NA
198,0,0.0,NA,NA
199,0,0.0,NA,NA
200,0,0.0,NA,NA
201,0,0.499,NA,NA
202,0,0.0,NA,NA
203,0,0.49700000000000005,NA,NA
204,0,0.0,NA,NA
205,0,0.0,NA,NA
206,0,0.0,NA,NA
207,0,0.0,NA,NA
208,0,0.0,NA,NA
209,0,0.0,NA,NA
210,0,0.0,NA,NA
211,0,0.0,NA,NA
212,0,0.5,NA,NA
213,0,0.0,NA,NA
214,0,0.0,NA,NA
215,0,0.0,NA,NA
216,0,0.0,NA,NA
217,0,1.064,NA,NA
218,0,0.0,NA,NA
219,0,0.0,NA,NA
220,0,0.0,NA,NA
221,0,0.0,NA,NA
222,0,2.062,NA,NA
223,0,0.0,NA,NA
224,0,0.0,NA,NA
225,0,0.0,NA,NA
226,0,0.499,NA,NA
227,0,0.0,NA,NA
228,0,0.0,NA,NA
229,0,0.0,NA,NA
230,0,0.0,NA,NA
231,0,0.0,NA,NA
232,0,0.0,NA,NA
233,0,0.0,NA,NA
234,0,3.679,NA,NA
235,0,0.0,NA,NA
236,0,0.0,NA,NA
237,0,0.0,NA,NA
238,0,0.0,NA,NA
239,0,0.0,NA,NA
240,0,0.0,NA,NA
241,0,0.0,NA,NA
242,0,0.0,NA,NA
243,0,0.0,NA,NA
244,0,0.0,NA,NA
245,0,0.0,NA,NA
246,0,0.0,NA,NA
247,0,0.0,NA,NA
248,0,0.0,NA,NA
249,0,0.0,NA,NA
250,0,0.0,NA,NA
251,0,0.0,NA,NA
252,0,0.0,NA,NA
253,0,1.141,NA,NA
254,0,0.0,NA,NA
255,0,0.0,NA,NA
256,0,0.0,NA,NA
257,0,0.0,NA,NA
258,0,1.002,NA,NA
259,0,0.0,NA,NA
260,0,0.0,NA,NA
261,0,0.0,NA,NA
262,0,0.0,NA,NA
263,0,0.0,NA,NA
264,0,0.0,NA,NA
265,0,0.0,NA,NA
266,0,0.0,NA,NA
267,0,0.0,NA,NA
268,0,0.0,NA,NA
269,0,0.0,NA,NA
270,0,0.0,NA,NA
271,0,0.0,NA,NA
272,0,0.0,NA,NA
273,0,0.0,NA,NA
274,0,0.0,NA,NA
275,0,2.028,NA,NA
276,0,0.0,NA,NA
277,0,0.0,NA,NA
278,0,0.0,NA,NA
279,0,0.0,NA,NA
280,0,0.0,NA,NA
281,0,0.5,NA,NA
282,0,0.0,NA,NA
283,0,0.0,NA,NA
284,0,0.0,NA,NA
285,0,0.0,NA,NA
286,0,1.27,NA,NA
287,0,0.0,NA,NA
288,0,0.0,NA,NA
289,0,0.0,NA,NA
290,0,0.0,NA,NA
291,0,0.0,NA,NA
292,0,0.0,NA,NA
293,0,0.0,NA,NA
294,0,0.0,NA,NA
295,0,0.0,NA,NA
296,0,0.0,NA,NA
297,0,0.0,NA,NA
298,0,0.0,NA,NA
299,0,0.0,NA,NA
300,0,0.0,NA,NA
301,0,0.0,NA,NA
302,0,0.0,NA,NA
303,0,0.0,NA,NA
304,0,0.0,NA,NA
305,0,0.0,NA,NA
306,0,0.0,NA,NA
307,0,0.0,NA,NA
308,0,0.0,NA,NA
309,0,0.0,NA,NA
310,0,0.0,NA,NA
311,0,2.021,NA,NA
312,0,0.0,NA,NA
313,0,0.0,NA,NA
314,0,0.0,NA,NA
315,0,0.0,NA,NA
316,0,0.0,NA,NA
317,0,0.0,NA,NA
318,0,0.0,NA,NA
319,0,0.0,NA,NA
320,0,0.0,NA,NA
321,0,0.0,NA,NA
322,0,0.0,NA,NA
323,0,0.0,NA,NA
324,0,0.0,NA,NA
325,0,0.0,NA,NA
326,0,0.0,NA,NA
327,0,0.0,NA,NA
328,0,0.0,NA,NA
329,0,0.0,NA,NA
330,0,0.0,NA,NA
331,0,8.005999999999998,NA,NA
332,0,0.0,NA,NA
333,0,0.0,NA,NA
334,0,0.0,NA,NA
335,0,0.0,NA,NA
336,0,0.0,NA,NA
337,0,0.0,NA,NA
338,0,0.0,NA,NA
339,0,0.0,NA,NA
340,0,0.0,NA,NA
341,0,0.0,NA,NA
342,0,0.0,NA,NA
343,0,0.0,NA,NA
344,0,0.0,NA,NA
345,0,0.0,NA,NA
346,0,0.0,NA,NA
347,0,0.0,NA,NA
348,0,0.0,NA,NA
349,0,0.0,NA,NA
350,0,0.0,NA,NA
351,0,0.0,NA,NA
352,0,0.0,NA,NA
353,0,0.0,NA,NA
354,0,0.0,NA,NA
355,0,0.0,NA,NA
356,0,0.0,NA,NA
357,0,0.0,NA,NA
358,0,0.0,NA,NA
359,0,0.0,NA,NA
360,0,0.0,NA,NA
361,0,0.0,NA,NA
362,0,0.0,NA,NA
363,0,8.045,NA,NA
364,0,0.0,NA,NA
365,0,0.0,NA,NA
366,0,0.0,NA,NA
367,0,0.0,NA,NA
368,0,0.0,NA,NA
369,0,0.0,NA,NA
370,0,0.0,NA,NA
371,0,0.0,NA,NA
372,0,0.0,NA,NA
373,0,0.0,NA,NA
374,0,0.0,NA,NA
375,0,0.0,NA,NA
376,0,0.0,NA,NA
377,0,0.0,NA,NA
378,0,0.0,NA,NA
379,0,0.0,NA,NA
380,0,0.0,NA,NA
381,0,0.0,NA,NA
382,0,0.0,NA,NA
383,0,0.0,NA,NA
384,0,0.0,NA,NA
385,0,0.0,NA,NA
386,0,1.9989999999999999,NA,NA
387,0,0.0,NA,NA
388,0,0.0,NA,NA
389,0,0.0,NA,NA
390,0,0.0,NA,NA
391,0,0.0,NA,NA
392,0,0.0,NA,NA
393,0,0.0,NA,NA
394,0,0.0,NA,NA
395,0,0.0,NA,NA
396,0,0.0,NA,NA
397,0,0.0,NA,NA
398,0,10.063,NA,NA
399,0,0.0,NA,NA
400,0,0.0,NA,NA
401,0,0.0,NA,NA
402,0,0.0,NA,NA
403,1,107.999,['Sedan'],"[[(109, 185), (300, 360)]]"
404,1,113.99900000000001,['Hatchback'],"[[(104, 181), (293, 360)]]"
405,1,117.99,['Hatchback'],"[[(101, 180), (279, 359)]]"
406,1,102.513,['Hatchback'],"[[(101, 177), (262, 357)]]"
407,1,102.998,['Hatchback'],"[[(105, 179), (247, 351)]]"
408,1,72.99799999999999,['Hatchback'],"[[(108, 183), (235, 357)]]"
409,1,93.257,['Hatchback'],"[[(100, 181), (213, 356)]]"
410,1,80.521,['Hatchback'],"[[(94, 185), (204, 343)]]"
411,1,80.69999999999999,['Hatchback'],"[[(95, 180), (187, 332)]]"
412,1,115.59800000000001,['Hatchback'],"[[(96, 183), (170, 320)]]"
413,1,92.99499999999999,['Hatchback'],"[[(95, 183), (159, 301)]]"
414,1,113.371,['Hatchback'],"[[(98, 181), (145, 287)]]"
415,1,110.717,['Hatchback'],"[[(97, 179), (130, 268)]]"
416,1,90.60799999999999,['Hatchback'],"[[(106, 180), (123, 250)]]"
417,1,82.66,['Hatchback'],"[[(93, 186), (94, 233)]]"
418,1,94.00699999999999,['Hatchback'],"[[(109, 179), (95, 219)]]"
419,1,82.50399999999999,['Hatchback'],"[[(94, 183), (64, 206)]]"
420,1,96.153,['Hatchback'],"[[(108, 176), (66, 185)]]"
421,0,0.0,NA,NA
422,0,0.0,NA,NA
423,1,94.161,['Hatchback'],"[[(97, 178), (13, 146)]]"
424,0,0.0,NA,NA
425,0,0.0,NA,NA
426,0,1.0,NA,NA
427,0,0.0,NA,NA
428,0,0.0,NA,NA
429,0,0.0,NA,NA
430,1,86.312,['Hatchback'],"[[(74, 180), (0, 49)]]"
431,1,102.998,['Sedan'],"[[(77, 174), (0, 43)]]"
432,0,0.0,NA,NA
433,0,0.0,NA,NA
434,0,0.0,NA,NA
435,0,0.0,NA,NA
436,0,0.0,NA,NA
437,0,0.0,NA,NA
438,0,0.0,NA,NA
439,0,0.0,NA,NA
440,0,0.0,NA,NA
441,0,0.0,NA,NA
442,0,0.987,NA,NA
443,0,0.0,NA,NA
444,0,0.0,NA,NA
445,0,0.0,NA,NA
446,0,0.0,NA,NA
447,0,0.0,NA,NA
448,0,0.0,NA,NA
449,0,0.0,NA,NA
450,0,0.0,NA,NA
451,0,0.0,NA,NA
452,0,0.0,NA,NA
453,0,0.0,NA,NA
454,0,0.0,NA,NA
455,0,0.0,NA,NA
456,0,0.0,NA,NA
457,0,0.0,NA,NA
458,0,0.0,NA,NA
459,0,0.0,NA,NA
460,0,0.0,NA,NA
461,0,0.0,NA,NA
462,0,0.0,NA,NA
463,0,0.0,NA,NA
464,0,0.0,NA,NA
465,0,0.0,NA,NA
466,0,0.0,NA,NA
467,0,0.0,NA,NA
468,0,0.0,NA,NA
469,0,0.0,NA,NA
470,0,0.0,NA,NA
471,0,0.0,NA,NA
472,0,0.0,NA,NA
473,0,0.0,NA,NA
474,0,0.0,NA,NA
475,0,0.0,NA,NA
476,0,0.0,NA,NA
477,0,0.0,NA,NA
478,0,0.0,NA,NA
479,0,0.0,NA,NA
480,0,0.0,NA,NA
481,0,0.9959999999999999,NA,NA
482,0,0.0,NA,NA
483,0,0.0,NA,NA
484,0,0.0,NA,NA
485,0,0.0,NA,NA
486,0,0.0,NA,NA
487,0,0.0,NA,NA
488,0,0.0,NA,NA
489,0,0.0,NA,NA
490,0,0.0,NA,NA
491,0,0.0,NA,NA
492,0,0.0,NA,NA
493,0,0.0,NA,NA
494,0,0.0,NA,NA
495,1,121.0,['Hatchback'],"[[(120, 186), (311, 360)]]"
496,1,76.119,['Sedan'],"[[(119, 185), (293, 360)]]"
497,1,80.546,['Hatchback'],"[[(110, 185), (281, 360)]]"
498,1,80.466,['Sedan'],"[[(110, 185), (263, 360)]]"
499,1,88.983,['Hatchback'],"[[(117, 184), (249, 352)]]"
500,1,108.706,['Sedan'],"[[(112, 186), (232, 360)]]"
501,1,70.37899999999999,['Hatchback'],"[[(115, 189), (206, 360)]]"
502,1,70.419,['Hatchback'],"[[(118, 184), (199, 360)]]"
503,1,96.20700000000001,['Hatchback'],"[[(116, 186), (171, 360)]]"
504,1,106.80099999999999,['Hatchback'],"[[(117, 183), (168, 347)]]"
505,1,111.84700000000001,['Hatchback'],"[[(117, 185), (134, 344)]]"
506,1,97.99900000000001,['Hatchback'],"[[(117, 186), (113, 323)]]"
507,1,93.63499999999999,['Hatchback'],"[[(118, 185), (110, 296)]]"
508,1,93.334,['Hatchback'],"[[(116, 184), (88, 289)]]"
509,1,95.0,['Hatchback'],"[[(116, 184), (81, 267)]]"
510,1,109.0,['Hatchback'],"[[(117, 184), (58, 258)]]"
511,1,103.75,['Hatchback'],"[[(114, 182), (68, 223)]]"
512,1,94.867,['Hatchback'],"[[(117, 182), (32, 214)]]"
513,1,131.077,['Hatchback'],"[[(115, 183), (5, 212)]]"
514,1,69.387,['Hatchback'],"[[(115, 184), (0, 182)]]"
515,1,78.52000000000001,['Hatchback'],"[[(114, 182), (0, 172)]]"
516,1,96.516,['Hatchback'],"[[(112, 180), (11, 139)]]"
517,1,82.99900000000001,['Hatchback'],"[[(112, 177), (0, 128)]]"
518,1,99.18299999999999,['Hatchback'],"[[(119, 176), (0, 116)]]"
519,1,68.512,['Hatchback'],"[[(114, 179), (0, 97)]]"
520,1,85.745,['Hatchback'],"[[(113, 182), (0, 76)]]"
521,1,98.03399999999999,['Hatchback'],"[[(113, 182), (0, 68)]]"
522,1,83.18,['Hatchback'],"[[(102, 182), (3, 48)]]"
523,0,0.0,NA,NA
524,0,0.0,NA,NA
525,0,0.0,NA,NA
526,0,0.0,NA,NA
527,0,0.0,NA,NA
528,0,0.0,NA,NA
529,0,0.0,NA,NA
530,0,0.0,NA,NA
531,0,0.0,NA,NA
532,0,0.0,NA,NA
533,0,0.0,NA,NA
534,0,0.0,NA,NA
535,0,0.0,NA,NA
536,0,0.0,NA,NA
537,0,0.0,NA,NA
538,0,0.0,NA,NA
539,0,0.0,NA,NA
540,0,0.0,NA,NA
541,0,0.0,NA,NA
542,0,0.0,NA,NA
543,0,0.0,NA,NA
544,0,0.0,NA,NA
545,0,0.0,NA,NA
546,0,0.0,NA,NA
547,0,0.0,NA,NA
548,0,0.0,NA,NA
549,0,0.0,NA,NA
550,0,1.0,NA,NA
551,0,0.0,NA,NA
552,0,0.0,NA,NA
553,0,0.0,NA,NA
554,0,0.0,NA,NA
555,0,0.0,NA,NA
556,0,0.0,NA,NA
557,0,0.0,NA,NA
558,0,1.0,NA,NA
559,0,1.003,NA,NA
560,0,0.0,NA,NA
561,0,0.0,NA,NA
562,0,0.0,NA,NA
563,0,0.0,NA,NA
564,0,0.0,NA,NA
565,0,0.0,NA,NA
566,0,0.0,NA,NA
567,0,0.0,NA,NA
568,0,0.0,NA,NA
569,0,0.0,NA,NA
570,0,0.0,NA,NA
571,0,0.0,NA,NA
572,0,0.0,NA,NA
573,0,0.0,NA,NA
574,0,0.0,NA,NA
575,1,67.994,['Hatchback'],"[[(121, 180), (321, 360)]]"
576,1,80.999,['Hatchback'],"[[(121, 186), (299, 360)]]"
577,1,75.834,['Sedan'],"[[(113, 185), (288, 360)]]"
578,1,100.259,['Hatchback'],"[[(114, 184), (275, 360)]]"
579,0,0.0,NA,NA
580,1,62.491,['Hatchback'],"[[(118, 184), (238, 360)]]"
581,1,83.131,['Hatchback'],"[[(119, 184), (227, 360)]]"
582,1,84.273,['Sedan'],"[[(121, 181), (211, 354)]]"
583,1,84.633,['Hatchback'],"[[(122, 181), (188, 343)]]"
584,1,116.34,['Hatchback'],"[[(116, 183), (167, 326)]]"
585,1,87.998,['Hatchback'],"[[(120, 180), (159, 307)]]"
586,1,78.002,['Hatchback'],"[[(118, 184), (143, 292)]]"
587,1,79.0,['Hatchback'],"[[(120, 181), (121, 279)]]"
588,1,80.136,['Hatchback'],"[[(120, 183), (117, 257)]]"
589,1,83.126,['Hatchback'],"[[(122, 180), (96, 243)]]"
590,1,84.46199999999999,['Sedan'],"[[(121, 179), (89, 221)]]"
591,1,84.318,['Hatchback'],"[[(117, 182), (59, 213)]]"
592,1,107.646,['Hatchback'],"[[(120, 182), (50, 189)]]"
593,1,80.998,['Hatchback'],"[[(117, 184), (35, 177)]]"
594,1,81.64399999999999,['Hatchback'],"[[(121, 182), (4, 172)]]"
595,1,77.999,['Hatchback'],"[[(121, 181), (9, 141)]]"
596,1,79.15700000000001,['Hatchback'],"[[(122, 180), (0, 128)]]"
597,1,76.999,['Hatchback'],"[[(119, 178), (0, 111)]]"
598,1,77.765,['Hatchback'],"[[(122, 178), (0, 98)]]"
599,1,96.175,['Hatchback'],"[[(119, 179), (0, 80)]]"
600,1,86.99900000000001,['Hatchback'],"[[(118, 180), (0, 65)]]"
601,1,90.002,['Sedan'],"[[(120, 178), (0, 44)]]"
602,0,0.0,NA,NA
603,0,0.0,NA,NA
604,0,0.0,NA,NA
605,0,1.0,NA,NA
606,0,0.0,NA,NA
607,0,0.0,NA,NA
608,0,0.0,NA,NA
609,0,0.0,NA,NA
610,0,0.0,NA,NA
611,0,0.0,NA,NA
612,0,0.0,NA,NA
613,0,0.0,NA,NA
614,0,0.0,NA,NA
615,0,0.0,NA,NA
616,0,0.0,NA,NA
617,0,0.0,NA,NA
618,0,0.0,NA,NA
619,0,0.0,NA,NA
620,0,0.0,NA,NA
621,0,0.0,NA,NA
622,0,0.0,NA,NA
623,0,0.0,NA,NA
624,0,0.0,NA,NA
625,0,0.0,NA,NA
626,0,0.0,NA,NA
627,0,0.0,NA,NA
628,0,0.0,NA,NA
629,0,0.0,NA,NA
630,0,0.0,NA,NA
631,0,0.0,NA,NA
632,0,1.0,NA,NA
633,0,0.0,NA,NA
634,0,0.0,NA,NA
635,0,0.0,NA,NA
636,0,0.0,NA,NA
637,0,0.0,NA,NA
638,0,0.0,NA,NA
639,0,0.0,NA,NA
640,0,0.0,NA,NA
641,0,0.0,NA,NA
642,0,0.0,NA,NA
643,0,0.0,NA,NA
644,0,0.0,NA,NA
645,0,0.0,NA,NA
646,0,0.0,NA,NA
647,0,0.0,NA,NA
648,0,0.0,NA,NA
649,0,0.0,NA,NA
650,0,0.0,NA,NA
651,1,75.01299999999999,['Sedan'],"[[(109, 183), (313, 360)]]"
652,1,69.01100000000001,['Hatchback'],"[[(112, 184), (298, 358)]]"
653,1,84.244,['Hatchback'],"[[(107, 179), (287, 359)]]"
654,1,111.806,['Hatchback'],"[[(104, 178), (270, 360)]]"
655,1,129.222,['Hatchback'],"[[(109, 175), (250, 360)]]"
656,1,110.703,['Hatchback'],"[[(107, 179), (241, 356)]]"
657,1,90.587,['Hatchback'],"[[(112, 179), (230, 360)]]"
658,1,95.579,['Hatchback'],"[[(117, 183), (206, 360)]]"
659,1,108.617,['Hatchback'],"[[(116, 181), (185, 360)]]"
660,1,117.96,['Hatchback'],"[[(115, 179), (172, 347)]]"
661,1,80.42,['Hatchback'],"[[(113, 180), (157, 328)]]"
662,1,88.519,['Hatchback'],"[[(119, 182), (150, 311)]]"
663,1,103.622,['Hatchback'],"[[(111, 178), (127, 299)]]"
664,1,88.644,['Hatchback'],"[[(113, 181), (118, 282)]]"
665,1,112.968,['Hatchback'],"[[(113, 181), (102, 262)]]"
666,1,90.58,['Hatchback'],"[[(114, 181), (91, 249)]]"
667,1,72.45100000000001,['Hatchback'],"[[(116, 178), (71, 228)]]"
668,1,66.953,['Hatchback'],"[[(117, 178), (41, 231)]]"
669,1,105.02499999999999,['Hatchback'],"[[(117, 180), (43, 199)]]"
670,1,79.634,['Hatchback'],"[[(113, 178), (20, 193)]]"
671,1,106.75800000000001,['Hatchback'],"[[(118, 181), (13, 167)]]"
672,1,84.62899999999999,['Hatchback'],"[[(116, 180), (0, 157)]]"
673,1,84.231,['Hatchback'],"[[(116, 180), (0, 139)]]"
674,1,89.142,['Hatchback'],"[[(114, 178), (0, 124)]]"
675,1,76.93700000000001,['Hatchback'],"[[(115, 176), (0, 109)]]"
676,1,87.633,['Hatchback'],"[[(112, 178), (0, 93)]]"
677,1,84.63900000000001,['Hatchback'],"[[(109, 182), (0, 74)]]"
678,1,84.64,['Hatchback'],"[[(96, 181), (1, 58)]]"
679,1,100.255,['Sedan'],"[[(92, 185), (1, 48)]]"
680,0,0.0,NA,NA
681,0,0.0,NA,NA
682,0,0.0,NA,NA
683,0,0.0,NA,NA
684,0,0.0,NA,NA
685,0,0.0,NA,NA
686,0,0.0,NA,NA
687,0,0.0,NA,NA
688,0,0.0,NA,NA
689,0,0.0,NA,NA
690,0,0.9990000000000001,NA,NA
691,0,0.0,NA,NA
692,0,0.0,NA,NA
693,0,0.0,NA,NA
694,0,0.0,NA,NA
695,0,0.0,NA,NA
696,0,0.0,NA,NA
697,0,0.0,NA,NA
698,0,0.0,NA,NA
699,0,0.0,NA,NA
700,0,0.0,NA,NA
701,0,0.0,NA,NA
702,0,0.0,NA,NA
703,0,0.0,NA,NA
704,0,0.0,NA,NA
705,0,0.0,NA,NA
706,0,0.0,NA,NA
707,0,0.0,NA,NA
708,0,0.0,NA,NA
709,0,0.0,NA,NA
710,0,0.0,NA,NA
711,0,0.0,NA,NA
712,0,0.0,NA,NA
713,0,0.0,NA,NA
714,0,0.0,NA,NA
715,0,0.0,NA,NA
716,0,0.0,NA,NA
717,0,0.0,NA,NA
718,0,0.0,NA,NA
719,0,0.0,NA,NA
720,0,0.0,NA,NA
721,0,0.0,NA,NA
722,0,0.0,NA,NA
723,0,0.0,NA,NA
724,0,0.0,NA,NA
725,0,0.0,NA,NA
726,0,0.0,NA,NA
727,0,0.0,NA,NA
728,0,0.0,NA,NA
729,0,0.0,NA,NA
730,0,0.0,NA,NA
731,0,0.0,NA,NA
732,0,0.0,NA,NA
733,0,0.0,NA,NA
734,0,0.0,NA,NA
735,0,0.0,NA,NA
736,0,0.0,NA,NA
737,0,0.0,NA,NA
738,0,0.0,NA,NA
739,0,0.0,NA,NA
740,0,0.0,NA,NA
741,0,0.0,NA,NA
742,0,0.0,NA,NA
743,0,0.0,NA,NA
744,0,0.0,NA,NA
745,0,0.0,NA,NA
746,0,0.0,NA,NA
747,0,0.0,NA,NA
748,0,1.0,NA,NA
749,0,0.0,NA,NA
750,0,0.0,NA,NA
751,0,0.0,NA,NA
752,0,0.0,NA,NA
753,0,0.017,NA,NA
754,0,0.0,NA,NA
755,0,0.0,NA,NA
756,0,0.0,NA,NA
757,0,0.0,NA,NA
758,0,0.0,NA,NA
759,0,0.0,NA,NA
760,0,0.0,NA,NA
761,0,8.024999999999999,NA,NA
762,0,0.0,NA,NA
763,0,0.0,NA,NA
764,0,0.0,NA,NA
765,0,0.0,NA,NA
766,0,0.0,NA,NA
767,0,0.0,NA,NA
768,0,0.0,NA,NA
769,0,0.0,NA,NA
770,0,0.0,NA,NA
771,0,0.0,NA,NA
772,0,0.0,NA,NA
773,0,0.0,NA,NA
774,0,0.0,NA,NA
775,0,0.0,NA,NA
776,0,0.0,NA,NA
777,0,0.0,NA,NA
778,0,0.0,NA,NA
779,0,0.0,NA,NA
780,0,0.0,NA,NA
781,0,1.0,NA,NA
782,0,0.0,NA,NA
783,0,0.0,NA,NA
784,0,0.0,NA,NA
785,0,0.0,NA,NA
786,0,0.0,NA,NA
787,0,0.0,NA,NA
788,0,0.0,NA,NA
789,0,0.0,NA,NA
790,0,0.0,NA,NA
791,0,0.0,NA,NA
792,0,0.0,NA,NA
793,0,0.0,NA,NA
794,0,0.0,NA,NA
795,0,0.0,NA,NA
796,0,0.0,NA,NA
797,0,0.0,NA,NA
798,0,0.0,NA,NA
799,0,0.0,NA,NA
800,0,2.026,NA,NA
801,1,107.69099999999999,['Sedan'],"[[(99, 179), (313, 357)]]"
802,1,95.0,['Hatchback'],"[[(113, 176), (299, 359)]]"
803,1,89.35600000000001,['Sedan'],"[[(107, 177), (281, 359)]]"
804,1,80.778,['Sedan'],"[[(100, 178), (262, 360)]]"
805,1,88.134,['Sedan'],"[[(110, 175), (243, 359)]]"
806,1,103.291,['Hatchback'],"[[(116, 173), (234, 360)]]"
807,1,83.997,['Hatchback'],"[[(115, 174), (212, 350)]]"
808,1,68.998,['Hatchback'],"[[(118, 171), (199, 341)]]"
809,1,68.27900000000001,['Hatchback'],"[[(117, 171), (175, 320)]]"
810,1,101.998,['Hatchback'],"[[(115, 172), (165, 304)]]"
811,1,94.473,['Hatchback'],"[[(115, 171), (148, 289)]]"
812,1,116.643,['Hatchback'],"[[(114, 174), (130, 264)]]"
813,1,95.253,['Hatchback'],"[[(116, 171), (119, 254)]]"
814,1,84.657,['Hatchback'],"[[(117, 172), (91, 238)]]"
815,1,100.25399999999999,['Sedan'],"[[(118, 171), (81, 216)]]"
816,1,100.257,['Sedan'],"[[(118, 172), (66, 206)]]"
817,1,75.699,['Sedan'],"[[(120, 173), (45, 182)]]"
818,1,84.99900000000001,['Sedan'],"[[(116, 168), (36, 172)]]"
819,1,93.129,['Sedan'],"[[(117, 169), (10, 153)]]"
820,1,93.637,['Hatchback'],"[[(116, 170), (0, 136)]]"
821,1,102.887,['Hatchback'],"[[(113, 172), (0, 128)]]"
822,1,82.135,['Sedan'],"[[(120, 171), (0, 106)]]"
823,1,84.642,['Hatchback'],"[[(116, 172), (0, 86)]]"
824,1,84.637,['Hatchback'],"[[(108, 172), (0, 68)]]"
825,1,100.263,['Hatchback'],"[[(101, 175), (3, 48)]]"
826,0,0.0,NA,NA
827,0,0.0,NA,NA
828,0,0.0,NA,NA
829,0,0.0,NA,NA
830,0,0.0,NA,NA
831,0,0.0,NA,NA
832,0,0.0,NA,NA
833,0,0.0,NA,NA
834,0,0.0,NA,NA
835,0,0.0,NA,NA
836,0,0.0,NA,NA
837,0,0.0,NA,NA
838,0,0.0,NA,NA
839,0,0.0,NA,NA
840,0,0.0,NA,NA
841,1,89.897,['Hatchback'],"[[(159, 258), (2, 120)]]"
842,0,0.0,NA,NA
843,0,0.0,NA,NA
844,1,79.42200000000001,['Hatchback'],"[[(173, 260), (4, 183)]]"
845,0,0.0,NA,NA
846,0,0.0,NA,NA
847,1,69.01100000000001,['Hatchback'],"[[(178, 259), (60, 250)]]"
848,1,78.123,['Hatchback'],"[[(191, 254), (82, 271)]]"
849,0,0.0,NA,NA
850,1,79.266,['Hatchback'],"[[(179, 259), (116, 317)]]"
851,1,84.69,['Hatchback'],"[[(176, 261), (138, 342)]]"
852,1,87.63600000000001,['Hatchback'],"[[(177, 263), (164, 356)]]"
853,0,0.0,NA,NA
854,1,115.777,['Hatchback'],"[[(189, 253), (212, 357)]]"
855,1,115.882,['Hatchback'],"[[(186, 253), (239, 357)]]"
856,1,100.835,['Sedan'],"[[(187, 252), (254, 360)]]"
857,1,101.994,['Hatchback'],"[[(185, 257), (275, 360)]]"
858,1,120.802,['Sedan'],"[[(175, 262), (293, 360)]]"
859,0,0.0,NA,NA
860,0,0.0,NA,NA
861,0,0.0,NA,NA
862,0,0.0,NA,NA
863,0,0.0,NA,NA
864,0,0.0,NA,NA
865,0,0.0,NA,NA
866,0,0.0,NA,NA
867,0,0.0,NA,NA
868,0,0.0,NA,NA
869,0,0.0,NA,NA
870,0,0.0,NA,NA
871,0,0.0,NA,NA
872,0,0.0,NA,NA
873,0,0.0,NA,NA
874,1,128.393,['Sedan'],"[[(118, 180), (293, 358)]]"
875,1,156.153,['Sedan'],"[[(119, 174), (279, 360)]]"
876,0,0.0,NA,NA
877,1,174.013,['Sedan'],"[[(119, 178), (236, 360)]]"
878,1,123.048,['Hatchback'],"[[(118, 177), (230, 360)]]"
879,1,143.499,['Hatchback'],"[[(120, 172), (219, 354)]]"
880,1,163.477,['Hatchback'],"[[(117, 175), (201, 342)]]"
881,1,110.962,['Hatchback'],"[[(119, 172), (188, 331)]]"
882,1,121.182,['Hatchback'],"[[(118, 177), (169, 315)]]"
883,1,122.99499999999999,['Hatchback'],"[[(117, 175), (157, 296)]]"
884,1,150.269,['Hatchback'],"[[(116, 176), (143, 274)]]"
885,1,151.504,['Hatchback'],"[[(117, 176), (119, 262)]]"
886,1,149.72,['Hatchback'],"[[(117, 174), (108, 242)]]"
887,1,151.224,['Hatchback'],"[[(118, 180), (89, 235)]]"
888,1,150.042,['Hatchback'],"[[(119, 174), (76, 212)]]"
889,1,140.76500000000001,['Hatchback'],"[[(122, 177), (61, 200)]]"
890,1,124.998,['Hatchback'],"[[(120, 178), (25, 193)]]"
891,1,130.998,['Hatchback'],"[[(118, 175), (26, 167)]]"
892,1,174.363,['Hatchback'],"[[(116, 176), (7, 154)]]"
893,1,216.931,['Hatchback'],"[[(119, 173), (4, 133)]]"
894,1,169.963,['Hatchback'],"[[(114, 174), (0, 124)]]"
895,1,118.975,['Hatchback'],"[[(115, 174), (0, 105)]]"
896,1,123.20100000000001,['Hatchback'],"[[(111, 176), (0, 86)]]"
897,1,116.039,['Hatchback'],"[[(115, 178), (0, 69)]]"
898,1,130.582,['Sedan'],"[[(102, 180), (0, 59)]]"
899,0,0.0,NA,NA
900,0,0.0,NA,NA
901,0,0.0,NA,NA
902,0,0.0,NA,NA
903,0,0.0,NA,NA
904,0,0.0,NA,NA
905,0,1.0,NA,NA
906,0,1.001,NA,NA
907,0,0.0,NA,NA
908,0,0.0,NA,NA
909,0,0.0,NA,NA
910,0,0.0,NA,NA
911,0,0.0,NA,NA
912,0,0.0,NA,NA
913,0,0.0,NA,NA
914,0,0.0,NA,NA
915,0,0.0,NA,NA
916,0,0.0,NA,NA
917,0,0.0,NA,NA
918,0,0.0,NA,NA
919,0,0.0,NA,NA
920,0,0.0,NA,NA
921,0,1.001,NA,NA
922,0,0.0,NA,NA
923,0,0.0,NA,NA
924,0,0.0,NA,NA
925,0,0.0,NA,NA
926,0,0.0,NA,NA
927,0,0.0,NA,NA
928,0,0.0,NA,NA
929,0,0.0,NA,NA
930,0,0.0,NA,NA
931,1,147.14,['Sedan'],"[[(113, 164), (319, 360)]]"
932,1,115.88900000000001,['Sedan'],"[[(110, 171), (303, 357)]]"
933,1,105.59100000000001,['Hatchback'],"[[(110, 171), (292, 360)]]"
934,1,145.068,['Hatchback'],"[[(111, 170), (273, 359)]]"
935,1,150.925,['Hatchback'],"[[(114, 168), (258, 360)]]"
936,1,151.08599999999998,['Hatchback'],"[[(108, 173), (243, 358)]]"
937,1,120.882,['Hatchback'],"[[(112, 173), (231, 360)]]"
938,1,127.45200000000001,['Hatchback'],"[[(109, 172), (209, 356)]]"
939,1,132.995,['Hatchback'],"[[(110, 170), (198, 346)]]"
940,1,149.541,['Sedan'],"[[(110, 174), (176, 332)]]"
941,1,120.639,['Sedan'],"[[(111, 171), (173, 315)]]"
942,2,232.00799999999998,"['Sedan', 'Sedan']","[[(182, 255), (0, 79)], [(112, 172), (153, 300)]]"
943,2,323.22200000000004,"['Sedan', 'Sedan']","[[(183, 255), (0, 93)], [(112, 169), (142, 282)]]"
944,2,258.375,"['Sedan', 'Sedan']","[[(155, 259), (0, 116)], [(108, 171), (124, 271)]]"
945,2,265.483,"['Sedan', 'Sedan']","[[(162, 253), (0, 135)], [(109, 169), (109, 253)]]"
946,2,239.0,"['Sedan', 'Hatchback']","[[(193, 252), (0, 150)], [(108, 171), (76, 249)]]"
947,2,274.028,"['Sedan', 'Sedan']","[[(194, 252), (0, 172)], [(114, 165), (80, 219)]]"
948,2,354.018,"['Hatchback', 'Sedan']","[[(193, 252), (2, 192)], [(111, 167), (62, 209)]]"
949,2,360.23199999999997,"['Hatchback', 'Hatchback']","[[(192, 254), (22, 208)], [(117, 166), (48, 191)]]"
950,2,345.119,"['Sedan', 'Hatchback']","[[(113, 169), (38, 174)], [(193, 251), (40, 222)]]"
951,2,271.836,"['Sedan', 'Sedan']","[[(195, 254), (55, 246)], [(109, 169), (19, 156)]]"
952,2,297.234,"['Hatchback', 'Hatchback']","[[(177, 259), (77, 267)], [(109, 167), (6, 143)]]"
953,2,303.054,"['Hatchback', 'Sedan']","[[(174, 261), (90, 283)], [(110, 168), (0, 130)]]"
954,2,316.954,"['Hatchback', 'Sedan']","[[(173, 261), (122, 293)], [(106, 170), (0, 122)]]"
955,2,395.995,"['Hatchback', 'Sedan']","[[(198, 255), (133, 325)], [(107, 168), (0, 103)]]"
956,2,342.058,"['Hatchback', 'Hatchback']","[[(175, 260), (149, 339)], [(106, 168), (0, 81)]]"
957,2,314.768,"['Hatchback', 'Hatchback']","[[(172, 266), (184, 347)], [(106, 168), (0, 70)]]"
958,2,291.997,"['Hatchback', 'Sedan']","[[(103, 168), (3, 50)], [(198, 257), (190, 360)]]"
959,1,154.001,['Sedan'],"[[(192, 252), (218, 357)]]"
960,1,119.999,['Hatchback'],"[[(189, 255), (241, 356)]]"
961,1,215.998,['Hatchback'],"[[(187, 256), (252, 360)]]"
962,1,188.29199999999997,['Hatchback'],"[[(185, 259), (268, 358)]]"
963,1,172.05599999999998,['Sedan'],"[[(181, 262), (291, 356)]]"
964,0,0.0,NA,NA
965,0,0.0,NA,NA
966,0,0.0,NA,NA
967,0,0.0,NA,NA
968,0,0.0,NA,NA
969,0,0.0,NA,NA
970,0,0.0,NA,NA
971,0,0.0,NA,NA
972,0,0.0,NA,NA
973,0,0.0,NA,NA
974,0,0.0,NA,NA
975,0,0.0,NA,NA
976,0,0.0,NA,NA
977,0,0.0,NA,NA
978,0,0.0,NA,NA
979,0,0.0,NA,NA
980,0,0.0,NA,NA
981,0,0.0,NA,NA
982,0,0.0,NA,NA
983,0,0.0,NA,NA
984,0,0.0,NA,NA
985,0,0.0,NA,NA
986,0,0.0,NA,NA
987,0,0.0,NA,NA
988,0,0.0,NA,NA
989,0,0.0,NA,NA
990,0,0.0,NA,NA
991,0,0.0,NA,NA
992,0,0.0,NA,NA
993,0,0.0,NA,NA
994,0,0.0,NA,NA
995,0,0.0,NA,NA
996,0,0.0,NA,NA
997,0,0.0,NA,NA
998,0,0.0,NA,NA
999,0,0.0,NA,NA
1000,0,0.0,NA,NA
1001,0,0.0,NA,NA
1002,0,0.0,NA,NA
1003,0,0.0,NA,NA
1004,0,0.0,NA,NA
1005,0,0.0,NA,NA
1006,0,0.0,NA,NA
1007,0,0.0,NA,NA
1008,0,0.0,NA,NA
1009,0,0.0,NA,NA
1010,0,0.0,NA,NA
1011,0,0.0,NA,NA
1012,0,0.0,NA,NA
1013,0,0.0,NA,NA
1014,0,0.0,NA,NA
1015,0,0.0,NA,NA
1016,0,0.0,NA,NA
1017,0,0.0,NA,NA
1018,0,0.0,NA,NA
1019,0,0.0,NA,NA
1020,0,0.0,NA,NA
1021,0,0.0,NA,NA
1022,0,0.0,NA,NA
1023,0,0.023,NA,NA
1024,0,0.0,NA,NA
1025,0,0.0,NA,NA
1026,0,0.0,NA,NA
1027,0,0.0,NA,NA
1028,0,0.0,NA,NA
1029,0,0.0,NA,NA
1030,0,0.0,NA,NA
1031,0,0.0,NA,NA
1032,0,0.0,NA,NA
1033,0,0.0,NA,NA
1034,0,0.0,NA,NA
1035,0,0.0,NA,NA
1036,0,0.0,NA,NA
1037,0,0.0,NA,NA
1038,0,0.0,NA,NA
1039,0,0.0,NA,NA
1040,0,0.0,NA,NA
1041,1,171.393,['Hatchback'],"[[(119, 181), (309, 358)]]"
1042,0,1.0,NA,NA
1043,1,187.815,['Sedan'],"[[(109, 178), (274, 359)]]"
1044,1,181.596,['Sedan'],"[[(113, 178), (261, 360)]]"
1045,1,151.64600000000002,['Hatchback'],"[[(111, 181), (240, 360)]]"
1046,1,180.625,['Hatchback'],"[[(119, 181), (227, 358)]]"
1047,1,197.259,['Hatchback'],"[[(126, 177), (210, 359)]]"
1048,1,212.578,['Hatchback'],"[[(119, 182), (180, 348)]]"
1049,1,153.756,['Hatchback'],"[[(120, 180), (181, 332)]]"
1050,1,204.083,['Hatchback'],"[[(119, 182), (152, 322)]]"
1051,1,264.68199999999996,['Hatchback'],"[[(122, 181), (125, 301)]]"
1052,1,202.36599999999999,['Hatchback'],"[[(124, 177), (125, 277)]]"
1053,1,186.038,['Hatchback'],"[[(118, 183), (97, 270)]]"
1054,1,152.311,['Hatchback'],"[[(118, 181), (80, 242)]]"
1055,1,175.394,['Hatchback'],"[[(121, 180), (68, 229)]]"
1056,1,164.972,['Hatchback'],"[[(119, 181), (39, 224)]]"
1057,1,171.98,['Hatchback'],"[[(120, 183), (35, 199)]]"
1058,1,181.84,['Hatchback'],"[[(123, 178), (17, 184)]]"
1059,1,143.66899999999998,['Hatchback'],"[[(116, 179), (0, 163)]]"
1060,1,204.58399999999997,['Hatchback'],"[[(120, 180), (0, 145)]]"
1061,1,222.492,['Hatchback'],"[[(113, 177), (0, 127)]]"
1062,1,151.562,['Hatchback'],"[[(124, 180), (0, 107)]]"
1063,1,142.278,['Hatchback'],"[[(115, 182), (0, 97)]]"
1064,1,161.831,['Hatchback'],"[[(111, 182), (0, 76)]]"
1065,1,214.659,['Sedan'],"[[(105, 181), (0, 62)]]"
1066,0,0.0,NA,NA
1067,0,0.0,NA,NA
1068,0,0.0,NA,NA
1069,0,0.0,NA,NA
1070,0,0.0,NA,NA
1071,0,0.0,NA,NA
1072,0,0.0,NA,NA
1073,0,0.0,NA,NA
1074,0,0.0,NA,NA
1075,0,0.0,NA,NA
1076,0,0.0,NA,NA
1077,0,0.0,NA,NA
1078,0,0.0,NA,NA
1079,0,0.0,NA,NA
1080,0,0.0,NA,NA
1081,0,0.0,NA,NA
1082,0,0.0,NA,NA
1083,0,0.0,NA,NA
1084,0,0.0,NA,NA
1085,0,0.0,NA,NA
1086,0,0.0,NA,NA
1087,0,0.0,NA,NA
1088,0,0.0,NA,NA
1089,0,0.0,NA,NA
1090,0,0.0,NA,NA
1091,0,0.0,NA,NA
1092,0,0.0,NA,NA
1093,0,0.0,NA,NA
1094,0,0.0,NA,NA
1095,0,0.0,NA,NA
1096,0,0.0,NA,NA
1097,0,0.0,NA,NA
1098,0,0.0,NA,NA
1099,0,0.0,NA,NA
1100,0,0.0,NA,NA
1101,0,0.0,NA,NA
1102,0,0.0,NA,NA
1103,0,0.0,NA,NA
1104,0,0.0,NA,NA
1105,0,0.0,NA,NA
1106,0,0.0,NA,NA
1107,0,0.0,NA,NA
1108,0,0.0,NA,NA
1109,0,1.0,NA,NA
1110,0,0.0,NA,NA
1111,0,0.0,NA,NA
1112,1,118.44200000000001,['Sedan'],"[[(122, 179), (335, 360)]]"
1113,1,156.282,['Sedan'],"[[(123, 182), (317, 360)]]"
1114,1,146.998,['Hatchback'],"[[(119, 185), (300, 358)]]"
1115,1,164.988,['Hatchback'],"[[(116, 184), (286, 358)]]"
1116,1,144.999,['Hatchback'],"[[(120, 185), (271, 356)]]"
1117,1,162.021,['Sedan'],"[[(122, 183), (256, 360)]]"
1118,1,181.801,['Hatchback'],"[[(121, 187), (231, 360)]]"
1119,1,121.047,['Sedan'],"[[(128, 181), (217, 360)]]"
1120,1,202.28199999999998,['Hatchback'],"[[(121, 184), (193, 354)]]"
1121,1,122.122,['Sedan'],"[[(123, 184), (186, 332)]]"
1122,1,162.077,['Hatchback'],"[[(124, 184), (163, 321)]]"
1123,1,127.438,['Sedan'],"[[(122, 183), (152, 302)]]"
1124,1,179.21599999999998,['Sedan'],"[[(123, 184), (136, 281)]]"
1125,1,147.007,['Hatchback'],"[[(120, 184), (112, 266)]]"
1126,1,151.298,['Hatchback'],"[[(121, 181), (104, 243)]]"
1127,1,160.132,['Sedan'],"[[(123, 185), (82, 234)]]"
1128,1,186.526,['Sedan'],"[[(122, 181), (70, 216)]]"
1129,1,131.92999999999998,['Sedan'],"[[(122, 183), (52, 195)]]"
1130,1,173.624,['Sedan'],"[[(120, 182), (31, 182)]]"
1131,1,141.447,['Sedan'],"[[(121, 179), (16, 162)]]"
1132,1,133.47400000000002,['Sedan'],"[[(122, 180), (9, 145)]]"
1133,1,160.713,['Sedan'],"[[(122, 177), (0, 133)]]"
1134,1,126.31,['Sedan'],"[[(121, 178), (0, 123)]]"
1135,1,210.503,['Sedan'],"[[(122, 181), (0, 102)]]"
1136,1,154.435,['Sedan'],"[[(116, 181), (0, 82)]]"
1137,1,153.53300000000002,['Sedan'],"[[(116, 182), (0, 71)]]"
1138,1,159.23000000000002,['Sedan'],"[[(109, 181), (3, 49)]]"
1139,1,137.806,['Sedan'],"[[(107, 173), (0, 37)]]"
1140,0,0.0,NA,NA
1141,0,0.0,NA,NA
1142,0,0.0,NA,NA
1143,0,0.0,NA,NA
1144,0,0.0,NA,NA
1145,0,0.0,NA,NA
1146,0,0.0,NA,NA
1147,0,0.0,NA,NA
1148,0,0.0,NA,NA
1149,0,0.0,NA,NA
1150,0,0.0,NA,NA
1151,0,0.0,NA,NA
1152,0,0.0,NA,NA
1153,0,0.0,NA,NA
1154,0,0.0,NA,NA
1155,0,0.0,NA,NA
1156,0,2.0349999999999997,NA,NA
1157,0,0.0,NA,NA
1158,0,0.0,NA,NA
1159,0,0.0,NA,NA
1160,0,0.0,NA,NA
1161,0,0.0,NA,NA
1162,0,0.0,NA,NA
1163,0,0.0,NA,NA
1164,0,0.0,NA,NA
1165,0,0.0,NA,NA
1166,0,0.0,NA,NA
1167,0,0.0,NA,NA
1168,0,0.0,NA,NA
1169,0,0.0,NA,NA
1170,0,0.0,NA,NA
1171,0,0.0,NA,NA
1172,0,0.0,NA,NA
1173,0,0.0,NA,NA
1174,0,0.0,NA,NA
1175,0,0.0,NA,NA
1176,0,0.0,NA,NA
1177,0,0.0,NA,NA
1178,0,0.0,NA,NA
1179,0,0.0,NA,NA
1180,0,0.0,NA,NA
1181,0,0.0,NA,NA
1182,0,0.0,NA,NA
1183,0,0.0,NA,NA
1184,0,0.0,NA,NA
1185,0,0.0,NA,NA
1186,0,0.0,NA,NA
1187,0,0.0,NA,NA
1188,0,0.0,NA,NA
1189,0,0.0,NA,NA
1190,0,0.0,NA,NA
1191,0,0.0,NA,NA
1192,0,0.0,NA,NA
1193,0,0.0,NA,NA
1194,0,0.0,NA,NA
1195,0,8.059000000000001,NA,NA
1196,0,0.0,NA,NA
1197,0,0.0,NA,NA
1198,0,0.0,NA,NA
1199,0,0.0,NA,NA
1200,0,0.0,NA,NA
1201,0,1.006,NA,NA
1202,0,0.0,NA,NA
1203,0,0.0,NA,NA
1204,0,0.0,NA,NA
1205,0,0.0,NA,NA
1206,0,0.0,NA,NA
1207,0,0.0,NA,NA
1208,0,0.0,NA,NA
1209,0,0.0,NA,NA
1210,0,0.0,NA,NA
1211,0,0.0,NA,NA
1212,0,0.0,NA,NA
1213,0,0.0,NA,NA
1214,0,0.0,NA,NA
1215,0,0.0,NA,NA
1216,0,0.0,NA,NA
1217,0,0.0,NA,NA
1218,0,0.0,NA,NA
1219,0,0.0,NA,NA
1220,0,0.0,NA,NA
1221,0,0.0,NA,NA
1222,0,0.0,NA,NA
1223,0,0.0,NA,NA
1224,0,0.0,NA,NA
1225,0,0.0,NA,NA
1226,0,0.0,NA,NA
1227,0,0.0,NA,NA
1228,0,0.0,NA,NA
1229,0,0.0,NA,NA
1230,0,0.0,NA,NA
1231,0,0.0,NA,NA
1232,0,0.0,NA,NA
1233,0,0.0,NA,NA
1234,0,0.0,NA,NA
1235,0,0.0,NA,NA
1236,0,0.0,NA,NA
1237,0,0.0,NA,NA
1238,0,0.0,NA,NA
1239,0,0.0,NA,NA
1240,0,0.0,NA,NA
1241,0,0.0,NA,NA
1242,0,0.0,NA,NA
1243,0,0.0,NA,NA
1244,0,0.0,NA,NA
1245,0,0.0,NA,NA
1246,0,0.0,NA,NA
1247,0,0.0,NA,NA
1248,0,0.0,NA,NA
1249,0,0.0,NA,NA
1250,0,0.0,NA,NA
1251,0,0.0,NA,NA
1252,0,0.0,NA,NA
1253,0,0.0,NA,NA
1254,0,0.9959999999999999,NA,NA
1255,0,0.0,NA,NA
1256,0,0.0,NA,NA
1257,0,0.0,NA,NA
1258,0,0.0,NA,NA
1259,0,0.0,NA,NA
1260,0,1.001,NA,NA
1261,0,0.0,NA,NA
1262,0,0.0,NA,NA
1263,0,0.0,NA,NA
1264,0,0.0,NA,NA
1265,0,0.0,NA,NA
1266,0,6.035,NA,NA
1267,0,0.0,NA,NA
1268,0,0.0,NA,NA
1269,0,0.0,NA,NA
1270,0,0.0,NA,NA
1271,0,0.0,NA,NA
1272,0,0.0,NA,NA
1273,0,0.0,NA,NA
1274,0,0.0,NA,NA
1275,0,0.0,NA,NA
1276,0,0.0,NA,NA
1277,0,0.0,NA,NA
1278,0,0.0,NA,NA
1279,0,0.0,NA,NA
1280,0,0.0,NA,NA
1281,0,0.0,NA,NA
1282,0,0.0,NA,NA
1283,0,0.0,NA,NA
1284,0,0.0,NA,NA
1285,0,0.0,NA,NA
1286,0,0.0,NA,NA
1287,0,0.0,NA,NA
1288,0,0.0,NA,NA
1289,0,0.0,NA,NA
1290,0,0.998,NA,NA
1291,0,0.0,NA,NA
1292,0,0.0,NA,NA
1293,0,0.0,NA,NA
1294,0,0.0,NA,NA
1295,0,0.0,NA,NA
1296,0,0.0,NA,NA
1297,0,0.0,NA,NA
1298,0,0.0,NA,NA
1299,0,0.0,NA,NA
1300,0,0.0,NA,NA
1301,0,0.0,NA,NA
1302,0,0.0,NA,NA
1303,0,0.0,NA,NA
1304,0,0.0,NA,NA
1305,0,0.0,NA,NA
1306,0,0.0,NA,NA
1307,0,0.0,NA,NA
1308,0,0.0,NA,NA
1309,0,0.0,NA,NA
1310,0,0.0,NA,NA
1311,0,0.0,NA,NA
1312,0,0.0,NA,NA
1313,0,1.001,NA,NA
1314,0,0.0,NA,NA
1315,0,0.0,NA,NA
1316,0,0.0,NA,NA
1317,0,0.0,NA,NA
1318,0,0.0,NA,NA
1319,0,0.0,NA,NA
1320,0,0.0,NA,NA
1321,0,0.0,NA,NA
1322,0,0.0,NA,NA
1323,0,0.0,NA,NA
1324,0,0.0,NA,NA
1325,0,0.0,NA,NA
1326,0,0.0,NA,NA
1327,0,0.0,NA,NA
1328,0,0.0,NA,NA
1329,0,0.0,NA,NA
1330,0,0.0,NA,NA
1331,0,0.0,NA,NA
1332,0,0.0,NA,NA
1333,0,0.0,NA,NA
1334,0,0.0,NA,NA
1335,0,0.0,NA,NA
1336,0,0.0,NA,NA
1337,0,0.0,NA,NA
1338,0,0.0,NA,NA
1339,0,0.0,NA,NA
1340,0,0.0,NA,NA
1341,0,0.0,NA,NA
1342,0,0.0,NA,NA
1343,0,0.0,NA,NA
1344,0,0.0,NA,NA
1345,0,0.0,NA,NA
1346,0,0.0,NA,NA
1347,0,0.0,NA,NA
1348,0,0.0,NA,NA
1349,0,0.0,NA,NA
1350,0,0.0,NA,NA
1351,0,0.0,NA,NA
1352,0,0.0,NA,NA
1353,0,0.0,NA,NA
1354,0,1.002,NA,NA
1355,0,0.0,NA,NA
1356,0,0.0,NA,NA
1357,0,0.0,NA,NA
1358,0,0.0,NA,NA
1359,0,0.0,NA,NA
1360,0,0.0,NA,NA
1361,0,0.0,NA,NA
1362,0,0.0,NA,NA
1363,0,0.0,NA,NA
1364,0,0.0,NA,NA
1365,0,0.0,NA,NA
1366,0,0.0,NA,NA
1367,0,0.0,NA,NA
1368,0,0.0,NA,NA
1369,0,0.0,NA,NA
1370,0,0.0,NA,NA
1371,0,0.0,NA,NA
1372,0,0.0,NA,NA
1373,0,0.0,NA,NA
1374,0,0.0,NA,NA
1375,0,8.012,NA,NA
1376,0,0.0,NA,NA
1377,0,0.0,NA,NA
1378,0,0.0,NA,NA
1379,0,0.0,NA,NA
1380,0,0.0,NA,NA
1381,0,0.0,NA,NA
1382,0,0.0,NA,NA
1383,0,0.0,NA,NA
1384,0,0.0,NA,NA
1385,0,0.0,NA,NA
1386,0,0.0,NA,NA
1387,0,0.0,NA,NA
1388,0,0.0,NA,NA
1389,0,0.0,NA,NA
1390,0,0.0,NA,NA
1391,0,0.0,NA,NA
1392,0,0.0,NA,NA
1393,0,0.0,NA,NA
1394,0,0.0,NA,NA
1395,0,0.0,NA,NA
1396,0,0.0,NA,NA
1397,0,0.0,NA,NA
1398,0,0.0,NA,NA
1399,0,0.0,NA,NA
1400,0,0.0,NA,NA
1401,0,0.0,NA,NA
1402,0,0.0,NA,NA
1403,0,0.023,NA,NA
1404,0,0.0,NA,NA
1405,0,0.0,NA,NA
1406,0,1.004,NA,NA
1407,0,0.0,NA,NA
1408,0,1.001,NA,NA
1409,0,0.0,NA,NA
1410,0,1.001,NA,NA
1411,0,0.0,NA,NA
1412,0,0.0,NA,NA
1413,0,0.0,NA,NA
1414,0,0.0,NA,NA
1415,0,0.0,NA,NA
1416,0,0.0,NA,NA
1417,0,0.0,NA,NA
1418,0,0.0,NA,NA
1419,0,0.0,NA,NA
1420,0,0.0,NA,NA
1421,0,0.0,NA,NA
1422,0,0.0,NA,NA
1423,0,0.0,NA,NA
1424,0,0.0,NA,NA
1425,0,0.0,NA,NA
1426,0,0.0,NA,NA
1427,0,0.0,NA,NA
1428,0,0.0,NA,NA
1429,0,0.0,NA,NA
1430,0,0.0,NA,NA
1431,0,0.0,NA,NA
1432,0,0.0,NA,NA
1433,0,0.0,NA,NA
1434,0,0.0,NA,NA
1435,0,0.0,NA,NA
1436,0,0.0,NA,NA
1437,1,161.996,['Sedan'],"[[(115, 187), (292, 360)]]"
1438,1,138.99900000000002,['Sedan'],"[[(112, 188), (266, 360)]]"
1439,1,129.997,['Sedan'],"[[(112, 181), (259, 360)]]"
1440,1,159.395,['Sedan'],"[[(102, 193), (227, 360)]]"
1441,1,131.376,['Hatchback'],"[[(120, 184), (214, 360)]]"
1442,1,151.38,['Hatchback'],"[[(108, 189), (188, 348)]]"
1443,1,112.89399999999999,['Hatchback'],"[[(123, 186), (128, 358)]]"
1444,1,202.00199999999998,['Hatchback'],"[[(123, 185), (140, 322)]]"
1445,1,162.366,['Hatchback'],"[[(123, 186), (118, 306)]]"
1446,1,161.639,['Hatchback'],"[[(121, 185), (94, 281)]]"
1447,1,151.277,['Hatchback'],"[[(122, 182), (94, 259)]]"
1448,1,161.462,['Hatchback'],"[[(122, 185), (65, 243)]]"
1449,1,110.937,['Hatchback'],"[[(121, 184), (43, 220)]]"
1450,1,125.98400000000001,['Hatchback'],"[[(122, 181), (33, 202)]]"
1451,1,115.99900000000001,['Hatchback'],"[[(120, 183), (8, 181)]]"
1452,1,138.99800000000002,['Hatchback'],"[[(120, 184), (0, 163)]]"
1453,1,157.996,['Hatchback'],"[[(125, 179), (0, 137)]]"
1454,1,200.53,['Hatchback'],"[[(120, 178), (0, 124)]]"
1455,1,160.186,['Hatchback'],"[[(124, 180), (0, 100)]]"
1456,1,141.406,['Hatchback'],"[[(121, 181), (0, 79)]]"
1457,1,210.335,['Hatchback'],"[[(116, 182), (0, 65)]]"
1458,1,211.45600000000002,['Sedan'],"[[(102, 182), (2, 48)]]"
1459,0,0.0,NA,NA
1460,0,0.0,NA,NA
1461,0,0.0,NA,NA
1462,0,0.0,NA,NA
1463,0,0.0,NA,NA
1464,0,0.0,NA,NA
1465,0,1.006,NA,NA
1466,0,8.038,NA,NA
1467,0,0.0,NA,NA
1468,0,0.0,NA,NA
1469,0,0.0,NA,NA
1470,1,142.864,['Hatchback'],"[[(178, 258), (0, 80)]]"
1471,0,0.0,NA,NA
1472,1,175.485,['Hatchback'],"[[(186, 255), (1, 122)]]"
1473,1,147.643,['Hatchback'],"[[(199, 248), (7, 138)]]"
1474,0,0.0,NA,NA
1475,1,202.123,['Hatchback'],"[[(173, 259), (24, 179)]]"
1476,1,200.073,['Hatchback'],"[[(174, 258), (50, 204)]]"
1477,1,187.998,['Hatchback'],"[[(194, 253), (77, 219)]]"
1478,0,0.9970000000000001,NA,NA
1479,1,141.154,['Hatchback'],"[[(175, 257), (107, 263)]]"
1480,1,186.0,['Hatchback'],"[[(176, 258), (137, 289)]]"
1481,1,160.997,['Hatchback'],"[[(177, 259), (158, 304)]]"
1482,1,175.999,['Hatchback'],"[[(181, 258), (179, 326)]]"
1483,1,191.997,['Hatchback'],"[[(179, 258), (195, 347)]]"
1484,1,200.0,['Hatchback'],"[[(192, 257), (213, 358)]]"
1485,0,0.9990000000000001,NA,NA
1486,0,1.0,NA,NA
1487,0,0.9990000000000001,NA,NA
1488,0,0.0,NA,NA
1489,0,0.0,NA,NA
1490,0,0.0,NA,NA
1491,0,0.0,NA,NA
1492,0,0.0,NA,NA
1493,0,0.0,NA,NA
1494,0,0.0,NA,NA
