FNo,ObjectCount,Time,Type,start,end,ObjectColour
1,1,2100.07,Hatchback,"(102, 181)","(216, 360)",Black
2,1,81.136,Hatchback,"(99, 182)","(173, 360)",Black
3,1,86.67,Hatchback,"(100, 183)","(186, 331)",Black
4,1,60.31,Hatchback,"(99, 180)","(150, 337)",Black
5,1,80.255,Hatchback,"(97, 182)","(145, 318)",Black
6,1,68.254,Hatchback,"(98, 181)","(137, 296)",Black
7,1,40.069,Hatchback,"(99, 178)","(120, 280)",Black
8,1,73.604,Hatchback,"(98, 182)","(112, 258)",Black
9,1,83.152,Hatchback,"(102, 180)","(87, 252)",Black
10,1,85.659,Hatchback,"(101, 181)","(82, 228)",Black
11,1,71.21,Hatchback,"(100, 181)","(47, 225)",Black
12,1,65.998,Hatchback,"(100, 181)","(50, 193)",Black
13,1,63.001,Hatchback,"(101, 181)","(26, 190)",Black
14,1,51.998,Hatchback,"(100, 180)","(14, 172)",Black
15,1,77,Hatchback,"(99, 182)","(8, 151)",Black
16,1,66,Hatchback,"(100, 182)","(0, 134)",Black
17,1,51.009,Hatchback,"(101, 179)","(0, 123)",Black
18,1,62.988,Hatchback,"(105, 176)","(0, 109)",Black
19,1,61,Hatchback,"(102, 176)","(0, 93)",Black
20,1,63.002,Sedan,"(97, 181)","(0, 75)",Black
21,1,70.996,Hatchback,"(94, 184)","(0, 65)",Black
22,1,62.999,Sedan,"(101, 181)","(0, 40)",Black
23,0,0,NA,NA,NA,NA
24,0,0,NA,NA,NA,NA
25,0,0,NA,NA,NA,NA
26,0,0,NA,NA,NA,NA
27,0,0,NA,NA,NA,NA
28,0,0,NA,NA,NA,NA
29,0,0,NA,NA,NA,NA
30,0,0,NA,NA,NA,NA
31,0,0,NA,NA,NA,NA
32,0,0,NA,NA,NA,NA
33,0,0,NA,NA,NA,NA
34,0,0,NA,NA,NA,NA
35,0,0,NA,NA,NA,NA
36,0,0,NA,NA,NA,NA
37,0,0,NA,NA,NA,NA
38,0,0,NA,NA,NA,NA
39,0,0,NA,NA,NA,NA
40,0,0,NA,NA,NA,NA
41,0,0,NA,NA,NA,NA
42,0,0,NA,NA,NA,NA
43,0,0,NA,NA,NA,NA
44,0,0,NA,NA,NA,NA
45,0,0,NA,NA,NA,NA
46,0,0,NA,NA,NA,NA
47,0,0,NA,NA,NA,NA
48,0,2.006,NA,NA,NA,NA
49,0,0,NA,NA,NA,NA
50,0,0,NA,NA,NA,NA
51,0,0,NA,NA,NA,NA
52,0,0,NA,NA,NA,NA
53,0,0,NA,NA,NA,NA
54,1,100.777,Sedan,"(97, 182)","(294, 360)",Black
55,1,72.611,Sedan,"(90, 179)","(282, 360)",Black
56,1,101.283,Hatchback,"(96, 183)","(269, 356)",Black
57,1,71.265,Hatchback,"(96, 178)","(255, 360)",Black
58,1,90.618,Hatchback,"(98, 183)","(235, 360)",Black
59,1,100.87,Hatchback,"(95, 182)","(221, 356)",Black
60,1,70.517,Hatchback,"(100, 185)","(191, 353)",Black
61,1,70.623,Hatchback,"(99, 182)","(189, 329)",Black
62,1,100.887,Hatchback,"(98, 184)","(175, 316)",Black
63,1,111.316,Hatchback,"(100, 184)","(156, 302)",Black
64,1,92.753,Hatchback,"(98, 181)","(146, 284)",Black
65,1,93.136,Hatchback,"(102, 180)","(124, 276)",Black
66,1,80.595,Hatchback,"(96, 183)","(113, 255)",Black
67,1,78.506,Hatchback,"(99, 179)","(99, 239)",Black
68,1,64.908,Hatchback,"(100, 177)","(79, 229)",Black
69,1,69.013,Hatchback,"(98, 179)","(64, 209)",Black
70,1,69.011,Hatchback,"(96, 180)","(56, 194)",Black
71,1,53.376,Hatchback,"(95, 179)","(35, 181)",Black
72,1,56.712,Hatchback,"(97, 178)","(23, 165)",Black
73,1,100.257,Hatchback,"(95, 181)","(13, 147)",Black
74,1,84.626,Hatchback,"(97, 176)","(0, 136)",Black
75,1,62.494,Hatchback,"(101, 177)","(1, 117)",Black
76,1,57.001,Hatchback,"(101, 174)","(0, 102)",Black
77,1,77.995,Sedan,"(96, 174)","(0, 89)",Black
78,1,60,Hatchback,"(96, 177)","(0, 74)",Black
79,1,69.998,Sedan,"(86, 180)","(0, 59)",Black
80,1,69.998,Sedan,"(83, 177)","(0, 48)",Black
81,0,0,NA,NA,NA,NA
82,0,0,NA,NA,NA,NA
83,0,0,NA,NA,NA,NA
84,0,0,NA,NA,NA,NA
85,0,0,NA,NA,NA,NA
86,0,0,NA,NA,NA,NA
87,1,56.999,Sedan,"(104, 181)","(318, 360)",Silver
88,1,66.999,Sedan,"(99, 186)","(301, 357)",Silver
89,1,69.99,Sedan,"(98, 183)","(287, 357)",Silver
90,1,96,Hatchback,"(102, 182)","(273, 357)",Blue
91,1,79.999,Sedan,"(100, 183)","(258, 360)",Black
92,1,86.999,Hatchback,"(105, 182)","(238, 360)",Black
93,1,49.999,Sedan,"(103, 184)","(227, 360)",Black
94,1,88.002,Hatchback,"(100, 184)","(209, 354)",Black
95,1,72.999,Hatchback,"(104, 182)","(196, 335)",Black
96,1,64.999,Hatchback,"(103, 181)","(177, 329)",Black
97,1,55.994,Hatchback,"(105, 182)","(162, 306)",Black
98,1,56.624,Hatchback,"(101, 184)","(143, 294)",Black
99,1,68.404,Hatchback,"(103, 181)","(129, 274)",Black
100,1,68.412,Hatchback,"(103, 184)","(116, 261)",Black
101,1,70.41,Hatchback,"(101, 181)","(97, 243)",Black
102,1,80.578,Hatchback,"(103, 182)","(87, 230)",Black
103,1,83.112,Hatchback,"(101, 181)","(38, 243)",Silver
104,1,70.466,Hatchback,"(102, 180)","(55, 191)",Black
105,1,70.996,Hatchback,"(99, 182)","(33, 182)",Black
106,1,60.338,Hatchback,"(102, 180)","(20, 160)",Black
107,1,69.06,Hatchback,"(101, 182)","(9, 148)",Black
108,1,50.309,Sedan,"(99, 180)","(0, 129)",Black
109,1,82.762,Hatchback,"(97, 178)","(0, 119)",Black
110,1,56.104,Hatchback,"(102, 177)","(0, 106)",Black
111,1,85,Hatchback,"(98, 177)","(0, 86)",Black
112,1,61.999,Hatchback,"(104, 177)","(2, 69)",Black
113,1,72,Hatchback,"(101, 177)","(0, 58)",Black
114,0,0,NA,NA,NA,NA
115,0,0,NA,NA,NA,NA
116,0,0,NA,NA,NA,NA
117,0,0,NA,NA,NA,NA
118,0,0,NA,NA,NA,NA
119,0,0,NA,NA,NA,NA
120,0,0,NA,NA,NA,NA
121,0,0,NA,NA,NA,NA
122,0,0,NA,NA,NA,NA
123,0,0,NA,NA,NA,NA
124,0,0,NA,NA,NA,NA
125,0,0,NA,NA,NA,NA
126,0,0,NA,NA,NA,NA
127,0,0,NA,NA,NA,NA
128,0,0,NA,NA,NA,NA
129,0,0,NA,NA,NA,NA
130,0,0,NA,NA,NA,NA
131,0,0,NA,NA,NA,NA
132,0,0,NA,NA,NA,NA
133,0,0,NA,NA,NA,NA
134,0,0,NA,NA,NA,NA
135,0,0,NA,NA,NA,NA
136,1,81.065,Sedan,"(89, 180)","(299, 359)",Red
137,1,92.766,Sedan,"(89, 176)","(289, 359)",Red
138,1,90.64,Sedan,"(90, 173)","(270, 360)",Red
139,1,72.449,Sedan,"(92, 170)","(255, 360)",Red
140,1,82.528,Sedan,"(94, 176)","(242, 356)",Red
141,1,70.42,Sedan,"(100, 175)","(231, 360)",Red
142,1,97.783,Sedan,"(97, 173)","(215, 352)",Red
143,1,105.231,Hatchback,"(96, 173)","(201, 339)",Red
144,1,78.507,Hatchback,"(99, 174)","(184, 325)",Red
145,1,91.096,Hatchback,"(101, 175)","(172, 309)",Red
146,1,113.04,Hatchback,"(99, 174)","(156, 298)",Red
147,1,118.02,Sedan,"(96, 174)","(137, 275)",Red
148,1,128.998,Hatchback,"(94, 172)","(112, 271)",Red
149,1,163,Hatchback,"(96, 174)","(105, 244)",Red
150,1,153.997,Hatchback,"(96, 171)","(93, 231)",Red
151,1,183.677,Hatchback,"(98, 171)","(72, 216)",Red
152,1,113.055,Sedan,"(96, 171)","(67, 200)",Red
153,1,128.924,Hatchback,"(96, 173)","(43, 187)",Red
154,1,110.851,Hatchback,"(96, 172)","(32, 171)",Red
155,1,160.856,Sedan,"(94, 175)","(12, 159)",Red
156,1,141.18,Hatchback,"(99, 173)","(0, 143)",Red
157,1,160.419,Sedan,"(95, 174)","(0, 132)",Red
158,1,115,Sedan,"(100, 170)","(0, 111)",Red
159,1,113.999,Sedan,"(97, 169)","(0, 98)",Red
160,1,122.998,Sedan,"(96, 174)","(0, 78)",Red
161,1,115.998,Sedan,"(89, 174)","(0, 64)",Red
162,1,123.999,Sedan,"(79, 178)","(2, 48)",Red
163,0,0,NA,NA,NA,NA
164,1,97.998,Sedan,"(82, 169)","(1, 20)",Red
165,0,0,NA,NA,NA,NA
166,0,0,NA,NA,NA,NA
167,0,0,NA,NA,NA,NA
168,0,0,NA,NA,NA,NA
169,0,0,NA,NA,NA,NA
170,0,0,NA,NA,NA,NA
171,0,8.053,NA,NA,NA,NA
172,0,0,NA,NA,NA,NA
173,0,0,NA,NA,NA,NA
174,0,0,NA,NA,NA,NA
175,0,0,NA,NA,NA,NA
176,0,0,NA,NA,NA,NA
177,0,0,NA,NA,NA,NA
178,0,0,NA,NA,NA,NA
179,0,0,NA,NA,NA,NA
180,0,0,NA,NA,NA,NA
181,0,0,NA,NA,NA,NA
182,0,0,NA,NA,NA,NA
183,0,0,NA,NA,NA,NA
184,0,0,NA,NA,NA,NA
185,0,0,NA,NA,NA,NA
186,0,0,NA,NA,NA,NA
187,0,0,NA,NA,NA,NA
188,0,0,NA,NA,NA,NA
189,0,0,NA,NA,NA,NA
190,0,0,NA,NA,NA,NA
191,0,0,NA,NA,NA,NA
192,0,0,NA,NA,NA,NA
193,0,0,NA,NA,NA,NA
194,0,0,NA,NA,NA,NA
195,0,0,NA,NA,NA,NA
196,0,0,NA,NA,NA,NA
197,0,0,NA,NA,NA,NA
198,0,0,NA,NA,NA,NA
199,0,0,NA,NA,NA,NA
200,0,0,NA,NA,NA,NA
201,0,0.998,NA,NA,NA,NA
202,0,0,NA,NA,NA,NA
203,0,0,NA,NA,NA,NA
204,0,0,NA,NA,NA,NA
205,0,0,NA,NA,NA,NA
206,0,0,NA,NA,NA,NA
207,0,0,NA,NA,NA,NA
208,0,0,NA,NA,NA,NA
209,0,0,NA,NA,NA,NA
210,0,0,NA,NA,NA,NA
211,0,0,NA,NA,NA,NA
212,0,0,NA,NA,NA,NA
213,0,0,NA,NA,NA,NA
214,0,0,NA,NA,NA,NA
215,0,0,NA,NA,NA,NA
216,0,0,NA,NA,NA,NA
217,0,0,NA,NA,NA,NA
218,0,0,NA,NA,NA,NA
219,0,0,NA,NA,NA,NA
220,0,0,NA,NA,NA,NA
221,0,0,NA,NA,NA,NA
222,0,0,NA,NA,NA,NA
223,0,0,NA,NA,NA,NA
224,0,0,NA,NA,NA,NA
225,0,0,NA,NA,NA,NA
226,0,0,NA,NA,NA,NA
227,0,0,NA,NA,NA,NA
228,0,0,NA,NA,NA,NA
229,0,1,NA,NA,NA,NA
230,0,0,NA,NA,NA,NA
231,0,0,NA,NA,NA,NA
232,0,0,NA,NA,NA,NA
233,0,0,NA,NA,NA,NA
234,0,0,NA,NA,NA,NA
235,0,0,NA,NA,NA,NA
236,0,0,NA,NA,NA,NA
237,0,0,NA,NA,NA,NA
238,0,0,NA,NA,NA,NA
239,0,0,NA,NA,NA,NA
240,0,0,NA,NA,NA,NA
241,0,0,NA,NA,NA,NA
242,0,0.998,NA,NA,NA,NA
243,0,0,NA,NA,NA,NA
244,0,0,NA,NA,NA,NA
245,0,0,NA,NA,NA,NA
246,0,0,NA,NA,NA,NA
247,0,1,NA,NA,NA,NA
248,0,0,NA,NA,NA,NA
249,0,1,NA,NA,NA,NA
250,0,0,NA,NA,NA,NA
251,0,0,NA,NA,NA,NA
252,0,0,NA,NA,NA,NA
253,0,0,NA,NA,NA,NA
254,0,0,NA,NA,NA,NA
255,0,0,NA,NA,NA,NA
256,0,0,NA,NA,NA,NA
257,0,0,NA,NA,NA,NA
258,0,0,NA,NA,NA,NA
259,0,0,NA,NA,NA,NA
260,0,0,NA,NA,NA,NA
261,0,0,NA,NA,NA,NA
262,0,0,NA,NA,NA,NA
263,0,0,NA,NA,NA,NA
264,0,1,NA,NA,NA,NA
265,0,0,NA,NA,NA,NA
266,0,0,NA,NA,NA,NA
267,0,0,NA,NA,NA,NA
268,0,0,NA,NA,NA,NA
269,0,0,NA,NA,NA,NA
270,0,0,NA,NA,NA,NA
271,0,0,NA,NA,NA,NA
272,0,0,NA,NA,NA,NA
273,0,1.026,NA,NA,NA,NA
274,0,1.003,NA,NA,NA,NA
275,0,0,NA,NA,NA,NA
276,0,0,NA,NA,NA,NA
277,0,0,NA,NA,NA,NA
278,0,0,NA,NA,NA,NA
279,0,0,NA,NA,NA,NA
280,0,0.998,NA,NA,NA,NA
281,0,0,NA,NA,NA,NA
282,0,0,NA,NA,NA,NA
283,0,0,NA,NA,NA,NA
284,0,0,NA,NA,NA,NA
285,0,0,NA,NA,NA,NA
286,0,0,NA,NA,NA,NA
287,0,0,NA,NA,NA,NA
288,0,0,NA,NA,NA,NA
289,0,0,NA,NA,NA,NA
290,0,0.526,NA,NA,NA,NA
291,0,0,NA,NA,NA,NA
292,0,0,NA,NA,NA,NA
293,0,0,NA,NA,NA,NA
294,0,0,NA,NA,NA,NA
295,0,1.001,NA,NA,NA,NA
296,0,0,NA,NA,NA,NA
297,0,0,NA,NA,NA,NA
298,0,0,NA,NA,NA,NA
299,0,1.515,NA,NA,NA,NA
300,0,0,NA,NA,NA,NA
301,0,0,NA,NA,NA,NA
302,0,0,NA,NA,NA,NA
303,0,0,NA,NA,NA,NA
304,0,0,NA,NA,NA,NA
305,0,0.998,NA,NA,NA,NA
306,0,0,NA,NA,NA,NA
307,0,1.002,NA,NA,NA,NA
308,0,0,NA,NA,NA,NA
309,0,0,NA,NA,NA,NA
310,0,0,NA,NA,NA,NA
311,0,0,NA,NA,NA,NA
312,0,0.538,NA,NA,NA,NA
313,0,0,NA,NA,NA,NA
314,0,0,NA,NA,NA,NA
315,0,0,NA,NA,NA,NA
316,0,0,NA,NA,NA,NA
317,0,0.998,NA,NA,NA,NA
318,0,0.981,NA,NA,NA,NA
319,0,0.999,NA,NA,NA,NA
320,0,0,NA,NA,NA,NA
321,0,0,NA,NA,NA,NA
322,0,0,NA,NA,NA,NA
323,0,1.028,NA,NA,NA,NA
324,0,0,NA,NA,NA,NA
325,0,0,NA,NA,NA,NA
326,0,0,NA,NA,NA,NA
327,0,0,NA,NA,NA,NA
328,0,0,NA,NA,NA,NA
329,0,0,NA,NA,NA,NA
330,0,0,NA,NA,NA,NA
331,0,0,NA,NA,NA,NA
332,0,0,NA,NA,NA,NA
333,0,0,NA,NA,NA,NA
334,0,0,NA,NA,NA,NA
335,0,0,NA,NA,NA,NA
336,0,0,NA,NA,NA,NA
337,0,1.038,NA,NA,NA,NA
338,0,0,NA,NA,NA,NA
339,0,0,NA,NA,NA,NA
340,0,0,NA,NA,NA,NA
341,0,0,NA,NA,NA,NA
342,0,0,NA,NA,NA,NA
343,0,0,NA,NA,NA,NA
344,0,1.032,NA,NA,NA,NA
345,0,0,NA,NA,NA,NA
346,0,0,NA,NA,NA,NA
347,0,0,NA,NA,NA,NA
348,0,0,NA,NA,NA,NA
349,0,0,NA,NA,NA,NA
350,0,0,NA,NA,NA,NA
351,0,0,NA,NA,NA,NA
352,0,0,NA,NA,NA,NA
353,0,0,NA,NA,NA,NA
354,0,0,NA,NA,NA,NA
355,0,0,NA,NA,NA,NA
356,0,0,NA,NA,NA,NA
357,0,0,NA,NA,NA,NA
358,0,0,NA,NA,NA,NA
359,0,0,NA,NA,NA,NA
360,0,0,NA,NA,NA,NA
361,0,1,NA,NA,NA,NA
362,0,0,NA,NA,NA,NA
363,0,0,NA,NA,NA,NA
364,0,0,NA,NA,NA,NA
365,0,0,NA,NA,NA,NA
366,0,0,NA,NA,NA,NA
367,0,0,NA,NA,NA,NA
368,0,0,NA,NA,NA,NA
369,0,0,NA,NA,NA,NA
370,0,0,NA,NA,NA,NA
371,0,0,NA,NA,NA,NA
372,0,0,NA,NA,NA,NA
373,0,0,NA,NA,NA,NA
374,0,0,NA,NA,NA,NA
375,0,0,NA,NA,NA,NA
376,0,0,NA,NA,NA,NA
377,0,0,NA,NA,NA,NA
378,0,1.001,NA,NA,NA,NA
379,0,0,NA,NA,NA,NA
380,0,1.001,NA,NA,NA,NA
381,0,0,NA,NA,NA,NA
382,0,0,NA,NA,NA,NA
383,0,0,NA,NA,NA,NA
384,0,0,NA,NA,NA,NA
385,0,0,NA,NA,NA,NA
386,0,0,NA,NA,NA,NA
387,0,0,NA,NA,NA,NA
388,0,0,NA,NA,NA,NA
389,0,1.047,NA,NA,NA,NA
390,0,0,NA,NA,NA,NA
391,0,0,NA,NA,NA,NA
392,0,1.002,NA,NA,NA,NA
393,0,0,NA,NA,NA,NA
394,0,0,NA,NA,NA,NA
395,0,1,NA,NA,NA,NA
396,0,0,NA,NA,NA,NA
397,0,0,NA,NA,NA,NA
398,0,0,NA,NA,NA,NA
399,0,0,NA,NA,NA,NA
400,0,0,NA,NA,NA,NA
401,0,0,NA,NA,NA,NA
402,0,0,NA,NA,NA,NA
403,1,286,Sedan,"(89, 185)","(300, 360)",Silver
404,1,209.312,Hatchback,"(84, 181)","(293, 360)",White
405,1,243.323,Hatchback,"(81, 180)","(279, 359)",White
406,1,215.878,Hatchback,"(81, 177)","(262, 357)",White
407,1,224.99,Hatchback,"(85, 179)","(247, 351)",White
408,1,235.511,Hatchback,"(88, 183)","(235, 357)",White
409,1,249.224,Hatchback,"(80, 181)","(213, 356)",White
410,1,202.242,Hatchback,"(74, 185)","(204, 343)",White
411,1,182.216,Hatchback,"(75, 180)","(187, 332)",White
412,1,264.128,Hatchback,"(76, 183)","(170, 320)",White
413,1,266.997,Hatchback,"(75, 183)","(159, 301)",White
414,1,204.202,Hatchback,"(78, 181)","(145, 287)",White
415,1,229.974,Hatchback,"(77, 179)","(130, 268)",White
416,1,254.293,Hatchback,"(86, 180)","(123, 250)",White
417,1,252.939,Hatchback,"(73, 186)","(94, 233)",White
418,1,222.958,Hatchback,"(89, 179)","(95, 219)",White
419,1,267.229,Hatchback,"(74, 183)","(64, 206)",White
420,1,241.746,Hatchback,"(88, 176)","(66, 185)",White
421,0,0,NA,NA,NA,NA
422,0,0,NA,NA,NA,NA
423,1,216.225,Hatchback,"(77, 178)","(13, 146)",White
424,0,0,NA,NA,NA,NA
425,0,0,NA,NA,NA,NA
426,0,0,NA,NA,NA,NA
427,0,0,NA,NA,NA,NA
428,0,1.021,NA,NA,NA,NA
429,0,0,NA,NA,NA,NA
430,1,224.573,Hatchback,"(54, 180)","(0, 49)",White
431,1,252.263,Sedan,"(57, 174)","(0, 43)",White
432,0,0,NA,NA,NA,NA
433,0,0,NA,NA,NA,NA
434,0,0,NA,NA,NA,NA
435,0,1.001,NA,NA,NA,NA
436,0,0,NA,NA,NA,NA
437,0,0,NA,NA,NA,NA
438,0,0,NA,NA,NA,NA
439,0,0,NA,NA,NA,NA
440,0,0,NA,NA,NA,NA
441,0,0,NA,NA,NA,NA
442,0,1.04,NA,NA,NA,NA
443,0,0,NA,NA,NA,NA
444,0,0,NA,NA,NA,NA
445,0,1,NA,NA,NA,NA
446,0,1,NA,NA,NA,NA
447,0,0,NA,NA,NA,NA
448,0,0.297,NA,NA,NA,NA
449,0,0,NA,NA,NA,NA
450,0,0,NA,NA,NA,NA
451,0,0,NA,NA,NA,NA
452,0,0,NA,NA,NA,NA
453,0,0,NA,NA,NA,NA
454,0,0.526,NA,NA,NA,NA
455,0,0,NA,NA,NA,NA
456,0,0,NA,NA,NA,NA
457,0,0,NA,NA,NA,NA
458,0,1.032,NA,NA,NA,NA
459,0,0,NA,NA,NA,NA
460,0,0,NA,NA,NA,NA
461,0,0,NA,NA,NA,NA
462,0,0,NA,NA,NA,NA
463,0,0,NA,NA,NA,NA
464,0,0,NA,NA,NA,NA
465,0,0,NA,NA,NA,NA
466,0,0,NA,NA,NA,NA
467,0,0,NA,NA,NA,NA
468,0,6.001,NA,NA,NA,NA
469,0,0,NA,NA,NA,NA
470,0,0,NA,NA,NA,NA
471,0,0.024,NA,NA,NA,NA
472,0,0,NA,NA,NA,NA
473,0,0,NA,NA,NA,NA
474,0,0,NA,NA,NA,NA
475,0,0,NA,NA,NA,NA
476,0,0,NA,NA,NA,NA
477,0,0,NA,NA,NA,NA
478,0,1.001,NA,NA,NA,NA
479,0,0,NA,NA,NA,NA
480,0,0,NA,NA,NA,NA
481,0,0,NA,NA,NA,NA
482,0,1,NA,NA,NA,NA
483,0,0,NA,NA,NA,NA
484,0,0,NA,NA,NA,NA
485,0,2.01,NA,NA,NA,NA
486,0,0,NA,NA,NA,NA
487,0,0,NA,NA,NA,NA
488,0,0.989,NA,NA,NA,NA
489,0,0,NA,NA,NA,NA
490,0,0,NA,NA,NA,NA
491,0,0,NA,NA,NA,NA
492,0,0,NA,NA,NA,NA
493,0,0,NA,NA,NA,NA
494,0,0,NA,NA,NA,NA
495,1,230.157,Sedan,"(100, 186)","(311, 360)",Silver
496,1,264.885,Sedan,"(99, 185)","(293, 360)",Silver
497,1,224.335,Sedan,"(90, 185)","(281, 360)",Silver
498,1,222.169,Sedan,"(90, 185)","(263, 360)",Silver
499,1,263.995,Sedan,"(97, 184)","(249, 352)",Silver
500,1,245.998,Sedan,"(92, 186)","(232, 360)",Silver
501,1,259.995,Sedan,"(95, 189)","(206, 360)",Silver
502,1,272.369,Hatchback,"(98, 184)","(199, 360)",Silver
503,1,274.201,Hatchback,"(96, 186)","(171, 360)",Silver
504,1,281.59,Hatchback,"(97, 183)","(168, 347)",Silver
505,1,274.371,Hatchback,"(97, 185)","(134, 344)",Silver
506,1,233.931,Hatchback,"(97, 186)","(113, 323)",Silver
507,1,232.724,Hatchback,"(98, 185)","(110, 296)",Silver
508,1,275.627,Hatchback,"(96, 184)","(88, 289)",Silver
509,1,231.606,Hatchback,"(96, 184)","(81, 267)",Silver
510,1,253.178,Hatchback,"(97, 184)","(58, 258)",Silver
511,1,223.275,Hatchback,"(94, 182)","(68, 223)",Silver
512,1,293.537,Hatchback,"(97, 182)","(32, 214)",Silver
513,1,234.185,Hatchback,"(95, 183)","(5, 212)",Silver
514,1,283.925,Hatchback,"(95, 184)","(0, 182)",Silver
515,1,233.68,Hatchback,"(94, 182)","(0, 172)",Silver
516,1,278.082,Hatchback,"(92, 180)","(11, 139)",Silver
517,1,271.887,Hatchback,"(92, 177)","(0, 128)",Silver
518,1,272.926,Hatchback,"(99, 176)","(0, 116)",Silver
519,1,253.772,Hatchback,"(94, 179)","(0, 97)",Silver
520,1,261.983,Hatchback,"(93, 182)","(0, 76)",Black
521,1,241.148,Hatchback,"(93, 182)","(0, 68)",Silver
522,1,243.018,Sedan,"(82, 182)","(3, 48)",Silver
523,0,0,NA,NA,NA,NA
524,0,0,NA,NA,NA,NA
525,0,0,NA,NA,NA,NA
526,0,0,NA,NA,NA,NA
527,0,0,NA,NA,NA,NA
528,0,0,NA,NA,NA,NA
529,0,0,NA,NA,NA,NA
530,0,0,NA,NA,NA,NA
531,0,0,NA,NA,NA,NA
532,0,1.041,NA,NA,NA,NA
533,0,0,NA,NA,NA,NA
534,0,0,NA,NA,NA,NA
535,0,0,NA,NA,NA,NA
536,0,1.001,NA,NA,NA,NA
537,0,0,NA,NA,NA,NA
538,0,0,NA,NA,NA,NA
539,0,0,NA,NA,NA,NA
540,0,0,NA,NA,NA,NA
541,0,0,NA,NA,NA,NA
542,0,0,NA,NA,NA,NA
543,0,1,NA,NA,NA,NA
544,0,0,NA,NA,NA,NA
545,0,0,NA,NA,NA,NA
546,0,0,NA,NA,NA,NA
547,0,0,NA,NA,NA,NA
548,0,0,NA,NA,NA,NA
549,0,0,NA,NA,NA,NA
550,0,0,NA,NA,NA,NA
551,0,0,NA,NA,NA,NA
552,0,0,NA,NA,NA,NA
553,0,1.028,NA,NA,NA,NA
554,0,0,NA,NA,NA,NA
555,0,0.993,NA,NA,NA,NA
556,0,1,NA,NA,NA,NA
557,0,0,NA,NA,NA,NA
558,0,0,NA,NA,NA,NA
559,0,0,NA,NA,NA,NA
560,0,0,NA,NA,NA,NA
561,0,0,NA,NA,NA,NA
562,0,0,NA,NA,NA,NA
563,0,0,NA,NA,NA,NA
564,0,0,NA,NA,NA,NA
565,0,0,NA,NA,NA,NA
566,0,0,NA,NA,NA,NA
567,0,0,NA,NA,NA,NA
568,0,0,NA,NA,NA,NA
569,0,0,NA,NA,NA,NA
570,0,1.001,NA,NA,NA,NA
571,0,1,NA,NA,NA,NA
572,0,0,NA,NA,NA,NA
573,0,0,NA,NA,NA,NA
574,0,0,NA,NA,NA,NA
575,1,253.674,Sedan,"(101, 180)","(321, 360)",Silver
576,1,238.103,Sedan,"(101, 186)","(299, 360)",Silver
577,1,261.231,Sedan,"(93, 185)","(288, 360)",Silver
578,1,265.934,Sedan,"(94, 184)","(275, 360)",Silver
579,0,0,NA,NA,NA,NA
580,1,299.674,Hatchback,"(98, 184)","(238, 360)",Silver
581,1,367.713,Hatchback,"(99, 184)","(227, 360)",Silver
582,1,272.262,Hatchback,"(101, 181)","(211, 354)",Silver
583,1,304.001,Hatchback,"(102, 181)","(188, 343)",Silver
584,1,347.174,Hatchback,"(96, 183)","(167, 326)",Silver
585,1,252.408,Hatchback,"(100, 180)","(159, 307)",Silver
586,1,243.474,Hatchback,"(98, 184)","(143, 292)",Silver
587,1,233.186,Hatchback,"(100, 181)","(121, 279)",Silver
588,1,261.63,Hatchback,"(100, 183)","(117, 257)",Silver
589,1,284.998,Hatchback,"(102, 180)","(96, 243)",Silver
590,1,314.996,Hatchback,"(101, 179)","(89, 221)",Silver
591,1,251.757,Hatchback,"(97, 182)","(59, 213)",Silver
592,1,275.013,Hatchback,"(100, 182)","(50, 189)",Silver
593,1,294.225,Hatchback,"(97, 184)","(35, 177)",Silver
594,1,212.541,Hatchback,"(101, 182)","(4, 172)",Silver
595,1,223.431,Hatchback,"(101, 181)","(9, 141)",Silver
596,1,263.123,Hatchback,"(102, 180)","(0, 128)",Silver
597,1,254.884,Hatchback,"(99, 178)","(0, 111)",Silver
598,1,245.361,Hatchback,"(102, 178)","(0, 98)",Silver
599,1,232.859,Hatchback,"(99, 179)","(0, 80)",Silver
600,1,265.515,Sedan,"(98, 180)","(0, 65)",Silver
601,1,233.216,Sedan,"(100, 178)","(0, 44)",Silver
602,0,0,NA,NA,NA,NA
603,0,0,NA,NA,NA,NA
604,0,0,NA,NA,NA,NA
605,0,0,NA,NA,NA,NA
606,0,0,NA,NA,NA,NA
607,0,0,NA,NA,NA,NA
608,0,0,NA,NA,NA,NA
609,0,0,NA,NA,NA,NA
610,0,0,NA,NA,NA,NA
611,0,0,NA,NA,NA,NA
612,0,0,NA,NA,NA,NA
613,0,0,NA,NA,NA,NA
614,0,0,NA,NA,NA,NA
615,0,0,NA,NA,NA,NA
616,0,0,NA,NA,NA,NA
617,0,0,NA,NA,NA,NA
618,0,0,NA,NA,NA,NA
619,0,0,NA,NA,NA,NA
620,0,0,NA,NA,NA,NA
621,0,2.012,NA,NA,NA,NA
622,0,0,NA,NA,NA,NA
623,0,0,NA,NA,NA,NA
624,0,0,NA,NA,NA,NA
625,0,1,NA,NA,NA,NA
626,0,0,NA,NA,NA,NA
627,0,0,NA,NA,NA,NA
628,0,0,NA,NA,NA,NA
629,0,0,NA,NA,NA,NA
630,0,0,NA,NA,NA,NA
631,0,0,NA,NA,NA,NA
632,0,0,NA,NA,NA,NA
633,0,0,NA,NA,NA,NA
634,0,0,NA,NA,NA,NA
635,0,0,NA,NA,NA,NA
636,0,0,NA,NA,NA,NA
637,0,0.02,NA,NA,NA,NA
638,0,0,NA,NA,NA,NA
639,0,0,NA,NA,NA,NA
640,0,0,NA,NA,NA,NA
641,0,0,NA,NA,NA,NA
642,0,0,NA,NA,NA,NA
643,0,0,NA,NA,NA,NA
644,0,0,NA,NA,NA,NA
645,0,0,NA,NA,NA,NA
646,0,1.002,NA,NA,NA,NA
647,0,3.085,NA,NA,NA,NA
648,0,0,NA,NA,NA,NA
649,0,0,NA,NA,NA,NA
650,0,0,NA,NA,NA,NA
651,1,297.703,Sedan,"(89, 183)","(313, 360)",Silver
652,1,243.996,Sedan,"(92, 184)","(298, 358)",Silver
653,1,229.981,Sedan,"(87, 179)","(287, 359)",Black
654,1,232.999,Sedan,"(84, 178)","(270, 360)",Black
655,1,224.447,Sedan,"(89, 175)","(250, 360)",Black
656,1,192.236,Sedan,"(87, 179)","(241, 356)",Black
657,1,213.103,Sedan,"(92, 179)","(230, 360)",Black
658,1,233.997,Hatchback,"(97, 183)","(206, 360)",Black
659,1,247.996,Hatchback,"(96, 181)","(185, 360)",Black
660,1,199.996,Hatchback,"(95, 179)","(172, 347)",Black
661,1,237.993,Hatchback,"(93, 180)","(157, 328)",Black
662,1,222.795,Hatchback,"(99, 182)","(150, 311)",Black
663,1,179.82,Hatchback,"(91, 178)","(127, 299)",Black
664,1,203.904,Hatchback,"(93, 181)","(118, 282)",Black
665,1,244.897,Hatchback,"(93, 181)","(102, 262)",Black
666,1,233.007,Hatchback,"(94, 181)","(91, 249)",Black
667,1,197.153,Hatchback,"(96, 178)","(71, 228)",Black
668,1,223.548,Hatchback,"(97, 178)","(41, 231)",Black
669,1,296.33,Hatchback,"(97, 180)","(43, 199)",Black
670,1,235.722,Hatchback,"(93, 178)","(20, 193)",Black
671,1,201.559,Hatchback,"(98, 181)","(13, 167)",Black
672,1,233.312,Hatchback,"(96, 180)","(0, 157)",Black
673,1,266.578,Hatchback,"(96, 180)","(0, 139)",Black
674,1,251.112,Sedan,"(94, 178)","(0, 124)",Black
675,1,261.189,Hatchback,"(95, 176)","(0, 109)",Black
676,1,268.489,Hatchback,"(92, 178)","(0, 93)",Black
677,1,241.073,Sedan,"(89, 182)","(0, 74)",Black
678,1,256.104,Sedan,"(76, 181)","(1, 58)",Black
679,1,253.078,Sedan,"(72, 185)","(1, 48)",Black
680,0,0,NA,NA,NA,NA
681,0,0,NA,NA,NA,NA
682,0,0,NA,NA,NA,NA
683,0,0,NA,NA,NA,NA
684,0,1.024,NA,NA,NA,NA
685,0,0,NA,NA,NA,NA
686,0,0,NA,NA,NA,NA
687,0,0,NA,NA,NA,NA
688,0,0.989,NA,NA,NA,NA
689,0,1.051,NA,NA,NA,NA
690,0,1.031,NA,NA,NA,NA
691,0,0,NA,NA,NA,NA
692,0,0,NA,NA,NA,NA
693,0,0,NA,NA,NA,NA
694,0,0,NA,NA,NA,NA
695,0,0,NA,NA,NA,NA
696,0,0,NA,NA,NA,NA
697,0,0,NA,NA,NA,NA
698,0,0,NA,NA,NA,NA
699,0,0,NA,NA,NA,NA
700,0,1.054,NA,NA,NA,NA
701,0,0.529,NA,NA,NA,NA
702,0,0,NA,NA,NA,NA
703,0,0,NA,NA,NA,NA
704,0,0,NA,NA,NA,NA
705,0,0,NA,NA,NA,NA
706,0,0,NA,NA,NA,NA
707,0,0,NA,NA,NA,NA
708,0,1.034,NA,NA,NA,NA
709,0,0,NA,NA,NA,NA
710,0,0,NA,NA,NA,NA
711,0,0,NA,NA,NA,NA
712,0,0,NA,NA,NA,NA
713,0,0,NA,NA,NA,NA
714,0,1.035,NA,NA,NA,NA
715,0,1.004,NA,NA,NA,NA
716,0,1.004,NA,NA,NA,NA
717,0,0.532,NA,NA,NA,NA
718,0,0,NA,NA,NA,NA
719,0,0,NA,NA,NA,NA
720,0,0,NA,NA,NA,NA
721,0,0,NA,NA,NA,NA
722,0,0,NA,NA,NA,NA
723,0,0,NA,NA,NA,NA
724,0,0,NA,NA,NA,NA
725,0,0,NA,NA,NA,NA
726,0,0,NA,NA,NA,NA
727,0,1.001,NA,NA,NA,NA
728,0,0,NA,NA,NA,NA
729,0,0,NA,NA,NA,NA
730,0,0,NA,NA,NA,NA
731,0,0,NA,NA,NA,NA
732,0,0,NA,NA,NA,NA
733,0,0,NA,NA,NA,NA
734,0,0,NA,NA,NA,NA
735,0,0,NA,NA,NA,NA
736,0,0,NA,NA,NA,NA
737,0,1.002,NA,NA,NA,NA
738,0,0,NA,NA,NA,NA
739,0,0,NA,NA,NA,NA
740,0,0,NA,NA,NA,NA
741,0,0,NA,NA,NA,NA
742,0,0,NA,NA,NA,NA
743,0,0,NA,NA,NA,NA
744,0,0,NA,NA,NA,NA
745,0,0.999,NA,NA,NA,NA
746,0,0.995,NA,NA,NA,NA
747,0,0,NA,NA,NA,NA
748,0,1.039,NA,NA,NA,NA
749,0,0,NA,NA,NA,NA
750,0,0,NA,NA,NA,NA
751,0,0,NA,NA,NA,NA
752,0,0,NA,NA,NA,NA
753,0,0,NA,NA,NA,NA
754,0,0,NA,NA,NA,NA
755,0,1.032,NA,NA,NA,NA
756,0,0,NA,NA,NA,NA
757,0,0,NA,NA,NA,NA
758,0,0,NA,NA,NA,NA
759,0,2.083,NA,NA,NA,NA
760,0,0,NA,NA,NA,NA
761,0,0,NA,NA,NA,NA
762,0,0.998,NA,NA,NA,NA
763,0,0,NA,NA,NA,NA
764,0,0,NA,NA,NA,NA
765,0,0,NA,NA,NA,NA
766,0,0,NA,NA,NA,NA
767,0,0,NA,NA,NA,NA
768,0,0,NA,NA,NA,NA
769,0,0,NA,NA,NA,NA
770,0,1.027,NA,NA,NA,NA
771,0,0,NA,NA,NA,NA
772,0,0,NA,NA,NA,NA
773,0,0,NA,NA,NA,NA
774,0,1,NA,NA,NA,NA
775,0,1.33,NA,NA,NA,NA
776,0,0,NA,NA,NA,NA
777,0,0,NA,NA,NA,NA
778,0,0,NA,NA,NA,NA
779,0,0,NA,NA,NA,NA
780,0,0,NA,NA,NA,NA
781,0,0,NA,NA,NA,NA
782,0,0,NA,NA,NA,NA
783,0,1.034,NA,NA,NA,NA
784,0,0,NA,NA,NA,NA
785,0,0,NA,NA,NA,NA
786,0,0,NA,NA,NA,NA
787,0,0,NA,NA,NA,NA
788,0,0,NA,NA,NA,NA
789,0,0,NA,NA,NA,NA
790,0,0,NA,NA,NA,NA
791,0,0,NA,NA,NA,NA
792,0,1,NA,NA,NA,NA
793,0,0,NA,NA,NA,NA
794,0,0.999,NA,NA,NA,NA
795,0,0,NA,NA,NA,NA
796,0,0,NA,NA,NA,NA
797,0,10.129,NA,NA,NA,NA
798,0,0.999,NA,NA,NA,NA
799,0,0,NA,NA,NA,NA
800,0,0,NA,NA,NA,NA
801,1,502.825,Sedan,"(79, 179)","(313, 357)",Blue
802,1,367.731,Sedan,"(93, 176)","(299, 359)",Blue
803,1,325.734,Sedan,"(87, 177)","(281, 359)",Blue
804,1,333.995,Sedan,"(80, 178)","(262, 360)",Blue
805,1,441.995,Sedan,"(90, 175)","(243, 359)",Blue
806,1,253.825,Sedan,"(96, 173)","(234, 360)",Blue
807,1,681.296,Hatchback,"(95, 174)","(212, 350)",Blue
808,1,420.521,Hatchback,"(98, 171)","(199, 341)",Blue
809,1,451.261,Hatchback,"(97, 171)","(175, 320)",Blue
810,1,383.165,Hatchback,"(95, 172)","(165, 304)",Blue
811,1,500.776,Hatchback,"(95, 171)","(148, 289)",Blue
812,1,670.577,Hatchback,"(94, 174)","(130, 264)",Blue
813,1,341.751,Hatchback,"(96, 171)","(119, 254)",Blue
814,1,351.179,Hatchback,"(97, 172)","(91, 238)",Blue
815,1,333.908,Hatchback,"(98, 171)","(81, 216)",Blue
816,1,378.835,Hatchback,"(98, 172)","(66, 206)",Blue
817,1,349.009,Hatchback,"(100, 173)","(45, 182)",Blue
818,1,424.037,Sedan,"(96, 168)","(36, 172)",Blue
819,1,362.998,Hatchback,"(97, 169)","(10, 153)",Blue
820,1,446.696,Hatchback,"(96, 170)","(0, 136)",Blue
821,1,299.661,Hatchback,"(93, 172)","(0, 128)",Blue
822,1,546.53,Hatchback,"(100, 171)","(0, 106)",Blue
823,1,416.384,Hatchback,"(96, 172)","(0, 86)",Blue
824,1,325.997,Hatchback,"(88, 172)","(0, 68)",Blue
825,1,369.994,Hatchback,"(81, 175)","(3, 48)",Blue
826,0,0,NA,NA,NA,NA
827,0,0,NA,NA,NA,NA
828,0,0,NA,NA,NA,NA
829,0,0,NA,NA,NA,NA
830,0,0,NA,NA,NA,NA
831,0,0,NA,NA,NA,NA
832,0,0,NA,NA,NA,NA
833,0,1,NA,NA,NA,NA
834,0,0,NA,NA,NA,NA
835,0,0.534,NA,NA,NA,NA
836,0,0,NA,NA,NA,NA
837,0,0,NA,NA,NA,NA
838,0,0,NA,NA,NA,NA
839,0,0,NA,NA,NA,NA
840,0,0,NA,NA,NA,NA
841,1,355.674,Sedan,"(139, 258)","(2, 120)",Silver
842,0,0,NA,NA,NA,NA
843,0,0,NA,NA,NA,NA
844,1,405.126,Hatchback,"(153, 260)","(4, 183)",Black
845,0,0.995,NA,NA,NA,NA
846,0,1.001,NA,NA,NA,NA
847,1,364.6,Hatchback,"(158, 259)","(60, 250)",Black
848,1,303.996,Hatchback,"(171, 254)","(82, 271)",Black
849,0,0,NA,NA,NA,NA
850,1,356.487,Hatchback,"(159, 259)","(116, 317)",Silver
851,1,318.039,Hatchback,"(156, 261)","(138, 342)",Silver
852,1,320.997,Hatchback,"(157, 263)","(164, 356)",Silver
853,0,0,NA,NA,NA,NA
854,1,307.395,Hatchback,"(169, 253)","(212, 357)",Black
855,1,273.996,Hatchback,"(166, 253)","(239, 357)",Black
856,1,304.331,Hatchback,"(167, 252)","(254, 360)",Black
857,1,316,Hatchback,"(165, 257)","(275, 360)",Black
858,1,273.998,Sedan,"(155, 262)","(293, 360)",Black
859,0,0,NA,NA,NA,NA
860,0,0.997,NA,NA,NA,NA
861,0,0,NA,NA,NA,NA
862,0,0,NA,NA,NA,NA
863,0,0.999,NA,NA,NA,NA
864,0,1,NA,NA,NA,NA
865,0,0,NA,NA,NA,NA
866,0,0,NA,NA,NA,NA
867,0,0,NA,NA,NA,NA
868,0,0,NA,NA,NA,NA
869,0,1.001,NA,NA,NA,NA
870,0,1.001,NA,NA,NA,NA
871,0,0,NA,NA,NA,NA
872,0,1,NA,NA,NA,NA
873,0,4.006,NA,NA,NA,NA
874,1,376.29,Sedan,"(98, 180)","(293, 358)",Blue
875,1,505.519,Sedan,"(99, 174)","(279, 360)",Blue
876,0,0,NA,NA,NA,NA
877,1,374.643,Hatchback,"(99, 178)","(236, 360)",Blue
878,1,331.179,Hatchback,"(98, 177)","(230, 360)",Blue
879,1,354.762,Hatchback,"(100, 172)","(219, 354)",Blue
880,1,300.823,Hatchback,"(97, 175)","(201, 342)",Blue
881,1,272.062,Hatchback,"(99, 172)","(188, 331)",Blue
882,1,292.996,Hatchback,"(98, 177)","(169, 315)",Blue
883,1,255.636,Hatchback,"(97, 175)","(157, 296)",Blue
884,1,328.857,Hatchback,"(96, 176)","(143, 274)",Blue
885,1,356.998,Hatchback,"(97, 176)","(119, 262)",Blue
886,1,363.024,Hatchback,"(97, 174)","(108, 242)",Blue
887,1,323.586,Hatchback,"(98, 180)","(89, 235)",Blue
888,1,310.522,Hatchback,"(99, 174)","(76, 212)",Blue
889,1,319.819,Hatchback,"(102, 177)","(61, 200)",Blue
890,1,329.819,Hatchback,"(100, 178)","(25, 193)",Blue
891,1,333.226,Hatchback,"(98, 175)","(26, 167)",Blue
892,1,382.132,Hatchback,"(96, 176)","(7, 154)",Blue
893,1,259.998,Hatchback,"(99, 173)","(4, 133)",Blue
894,1,299.517,Hatchback,"(94, 174)","(0, 124)",Blue
895,1,308.001,Hatchback,"(95, 174)","(0, 105)",Blue
896,1,298.998,Hatchback,"(91, 176)","(0, 86)",Blue
897,1,344.996,Sedan,"(95, 178)","(0, 69)",Blue
898,1,259.994,Sedan,"(82, 180)","(0, 59)",Blue
899,0,0,NA,NA,NA,NA
900,0,0,NA,NA,NA,NA
901,0,0,NA,NA,NA,NA
902,0,0,NA,NA,NA,NA
903,0,0,NA,NA,NA,NA
904,0,4.999,NA,NA,NA,NA
905,0,0,NA,NA,NA,NA
906,0,0,NA,NA,NA,NA
907,0,0,NA,NA,NA,NA
908,0,0,NA,NA,NA,NA
909,0,1.055,NA,NA,NA,NA
910,0,0,NA,NA,NA,NA
911,0,0,NA,NA,NA,NA
912,0,0.997,NA,NA,NA,NA
913,0,0,NA,NA,NA,NA
914,0,0,NA,NA,NA,NA
915,0,0,NA,NA,NA,NA
916,0,0,NA,NA,NA,NA
917,0,0,NA,NA,NA,NA
918,0,1.001,NA,NA,NA,NA
919,0,0,NA,NA,NA,NA
920,0,1,NA,NA,NA,NA
921,0,1.001,NA,NA,NA,NA
922,0,0,NA,NA,NA,NA
923,0,0,NA,NA,NA,NA
924,0,0,NA,NA,NA,NA
925,0,0,NA,NA,NA,NA
926,0,0,NA,NA,NA,NA
927,0,0,NA,NA,NA,NA
928,0,0,NA,NA,NA,NA
929,0,0,NA,NA,NA,NA
930,0,0,NA,NA,NA,NA
931,1,287.03,Sedan,"(93, 164)","(319, 360)",Red
932,1,256.061,Sedan,"(90, 171)","(303, 357)",Red
933,1,323.61,Sedan,"(90, 171)","(292, 360)",Red
934,1,339.353,Hatchback,"(91, 170)","(273, 359)",Red
935,1,278.586,Sedan,"(94, 168)","(258, 360)",Red
936,1,280.827,Hatchback,"(88, 173)","(243, 358)",Red
937,1,331.025,Sedan,"(92, 173)","(231, 360)",Red
938,1,253.738,Hatchback,"(89, 172)","(209, 356)",Red
939,1,241.668,Hatchback,"(90, 170)","(198, 346)",Red
940,1,382.309,Hatchback,"(90, 174)","(176, 332)",Red
941,1,366.876,Sedan,"(91, 171)","(173, 315)",Red
942,2,546.181,Sedan,"(162, 255)","(0, 79)",Silver
942,2,546.181,Hatchback,"(92, 172)","(153, 300)",Red
943,2,490.101,Sedan,"(163, 255)","(0, 93)",Silver
943,2,490.101,Sedan,"(92, 169)","(142, 282)",Red
944,2,616.081,Sedan,"(135, 259)","(0, 116)",Silver
944,2,616.081,Hatchback,"(88, 171)","(124, 271)",Red
945,2,492.662,Sedan,"(142, 253)","(0, 135)",Silver
945,2,492.662,Hatchback,"(89, 169)","(109, 253)",Red
946,2,457.366,Sedan,"(173, 252)","(0, 150)",Silver
946,2,457.366,Hatchback,"(88, 171)","(76, 249)",Red
947,2,573.459,Hatchback,"(174, 252)","(0, 172)",Silver
947,2,573.459,Hatchback,"(94, 165)","(80, 219)",Red
948,2,724.256,Hatchback,"(173, 252)","(2, 192)",Silver
948,2,724.256,Hatchback,"(91, 167)","(62, 209)",Red
949,2,646.778,Hatchback,"(172, 254)","(22, 208)",Silver
949,2,646.778,Sedan,"(97, 166)","(48, 191)",Red
950,2,580.333,Sedan,"(93, 169)","(38, 174)",Red
950,2,580.333,Hatchback,"(173, 251)","(40, 222)",Silver
951,2,520.59,Hatchback,"(175, 254)","(55, 246)",Silver
951,2,520.59,Sedan,"(89, 169)","(19, 156)",Red
952,2,553.077,Hatchback,"(157, 259)","(77, 267)",Silver
952,2,553.077,Sedan,"(89, 167)","(6, 143)",Red
953,2,569.557,Hatchback,"(154, 261)","(90, 283)",Silver
953,2,569.557,Sedan,"(90, 168)","(0, 130)",Red
954,2,562.181,Hatchback,"(153, 261)","(122, 293)",Silver
954,2,562.181,Sedan,"(86, 170)","(0, 122)",Red
955,2,517.153,Hatchback,"(178, 255)","(133, 325)",Silver
955,2,517.153,Sedan,"(87, 168)","(0, 103)",Red
956,2,514.513,Hatchback,"(155, 260)","(149, 339)",Silver
956,2,514.513,Sedan,"(86, 168)","(0, 81)",Red
957,2,442.996,Hatchback,"(152, 266)","(184, 347)",Silver
957,2,442.996,Hatchback,"(86, 168)","(0, 70)",Red
958,2,460.057,Hatchback,"(83, 168)","(3, 50)",Red
958,2,460.057,Hatchback,"(178, 257)","(190, 360)",Silver
959,1,278.958,Hatchback,"(172, 252)","(218, 357)",Silver
960,1,344.038,Hatchback,"(169, 255)","(241, 356)",Silver
961,1,245.944,Hatchback,"(167, 256)","(252, 360)",Silver
962,1,252.257,Hatchback,"(165, 259)","(268, 358)",Silver
963,1,422.634,Hatchback,"(161, 262)","(291, 356)",Silver
964,0,0,NA,NA,NA,NA
965,0,1.036,NA,NA,NA,NA
966,0,0,NA,NA,NA,NA
967,0,0,NA,NA,NA,NA
968,0,2.048,NA,NA,NA,NA
969,0,0,NA,NA,NA,NA
970,0,0.999,NA,NA,NA,NA
971,0,0,NA,NA,NA,NA
972,0,0,NA,NA,NA,NA
973,0,1,NA,NA,NA,NA
974,0,0,NA,NA,NA,NA
975,0,0,NA,NA,NA,NA
976,0,0,NA,NA,NA,NA
977,0,1.034,NA,NA,NA,NA
978,0,0,NA,NA,NA,NA
979,0,0,NA,NA,NA,NA
980,0,1.002,NA,NA,NA,NA
981,0,0,NA,NA,NA,NA
982,0,0,NA,NA,NA,NA
983,0,2.042,NA,NA,NA,NA
984,0,0,NA,NA,NA,NA
985,0,1,NA,NA,NA,NA
986,0,0,NA,NA,NA,NA
987,0,0,NA,NA,NA,NA
988,0,0,NA,NA,NA,NA
989,0,0,NA,NA,NA,NA
990,0,0,NA,NA,NA,NA
991,0,0.997,NA,NA,NA,NA
992,0,0,NA,NA,NA,NA
993,0,1.027,NA,NA,NA,NA
994,0,0,NA,NA,NA,NA
995,0,0.96,NA,NA,NA,NA
996,0,0,NA,NA,NA,NA
997,0,0,NA,NA,NA,NA
998,0,0,NA,NA,NA,NA
999,0,1.032,NA,NA,NA,NA
1000,0,0,NA,NA,NA,NA
1001,0,0,NA,NA,NA,NA
1002,0,0.998,NA,NA,NA,NA
1003,0,0.527,NA,NA,NA,NA
1004,0,0,NA,NA,NA,NA
1005,0,0,NA,NA,NA,NA
1006,0,0,NA,NA,NA,NA
1007,0,0.999,NA,NA,NA,NA
1008,0,0,NA,NA,NA,NA
1009,0,0,NA,NA,NA,NA
1010,0,0,NA,NA,NA,NA
1011,0,0,NA,NA,NA,NA
1012,0,0,NA,NA,NA,NA
1013,0,0,NA,NA,NA,NA
1014,0,0,NA,NA,NA,NA
1015,0,0,NA,NA,NA,NA
1016,0,0,NA,NA,NA,NA
1017,0,0,NA,NA,NA,NA
1018,0,1.001,NA,NA,NA,NA
1019,0,0,NA,NA,NA,NA
1020,0,0,NA,NA,NA,NA
1021,0,0,NA,NA,NA,NA
1022,0,1.065,NA,NA,NA,NA
1023,0,0,NA,NA,NA,NA
1024,0,0,NA,NA,NA,NA
1025,0,0,NA,NA,NA,NA
1026,0,0,NA,NA,NA,NA
1027,0,0,NA,NA,NA,NA
1028,0,0,NA,NA,NA,NA
1029,0,0,NA,NA,NA,NA
1030,0,0,NA,NA,NA,NA
1031,0,0,NA,NA,NA,NA
1032,0,0,NA,NA,NA,NA
1033,0,0,NA,NA,NA,NA
1034,0,0,NA,NA,NA,NA
1035,0,0,NA,NA,NA,NA
1036,0,0,NA,NA,NA,NA
1037,0,0,NA,NA,NA,NA
1038,0,2.076,NA,NA,NA,NA
1039,0,0,NA,NA,NA,NA
1040,0,0,NA,NA,NA,NA
1041,1,252.746,Sedan,"(99, 181)","(309, 358)",Black
1042,0,0,NA,NA,NA,NA
1043,1,255.775,Sedan,"(89, 178)","(274, 359)",Black
1044,1,222.773,Sedan,"(93, 178)","(261, 360)",Black
1045,1,283.301,Sedan,"(91, 181)","(240, 360)",Black
1046,1,246.998,Sedan,"(99, 181)","(227, 358)",Black
1047,1,238.175,Sedan,"(106, 177)","(210, 359)",Black
1048,1,260.575,Hatchback,"(99, 182)","(180, 348)",Black
1049,1,241.051,Sedan,"(100, 180)","(181, 332)",Black
1050,1,222.114,Hatchback,"(99, 182)","(152, 322)",Black
1051,1,222.705,Hatchback,"(102, 181)","(125, 301)",Black
1052,1,227.997,Sedan,"(104, 177)","(125, 277)",Black
1053,1,263.996,Hatchback,"(98, 183)","(97, 270)",Black
1054,1,228.995,Hatchback,"(98, 181)","(80, 242)",Black
1055,1,273.999,Hatchback,"(101, 180)","(68, 229)",Black
1056,1,190.02,Hatchback,"(99, 181)","(39, 224)",Black
1057,1,217.996,Hatchback,"(100, 183)","(35, 199)",Black
1058,1,247.995,Hatchback,"(103, 178)","(17, 184)",Black
1059,1,247.991,Hatchback,"(96, 179)","(0, 163)",Black
1060,1,228.998,Hatchback,"(100, 180)","(0, 145)",Black
1061,1,244.04,Sedan,"(93, 177)","(0, 127)",Black
1062,1,325.357,Sedan,"(104, 180)","(0, 107)",Black
1063,1,216.991,Sedan,"(95, 182)","(0, 97)",Black
1064,1,230.004,Sedan,"(91, 182)","(0, 76)",Black
1065,1,306.244,Sedan,"(85, 181)","(0, 62)",Black
1066,0,0,NA,NA,NA,NA
1067,0,0,NA,NA,NA,NA
1068,0,0,NA,NA,NA,NA
1069,0,1.001,NA,NA,NA,NA
1070,0,0,NA,NA,NA,NA
1071,0,0,NA,NA,NA,NA
1072,0,0,NA,NA,NA,NA
1073,0,0,NA,NA,NA,NA
1074,0,0,NA,NA,NA,NA
1075,0,0,NA,NA,NA,NA
1076,0,0,NA,NA,NA,NA
1077,0,0,NA,NA,NA,NA
1078,0,0,NA,NA,NA,NA
1079,0,0,NA,NA,NA,NA
1080,0,0,NA,NA,NA,NA
1081,0,0,NA,NA,NA,NA
1082,0,0,NA,NA,NA,NA
1083,0,0,NA,NA,NA,NA
1084,0,0,NA,NA,NA,NA
1085,0,0,NA,NA,NA,NA
1086,0,0,NA,NA,NA,NA
1087,0,0,NA,NA,NA,NA
1088,0,0,NA,NA,NA,NA
1089,0,0,NA,NA,NA,NA
1090,0,0,NA,NA,NA,NA
1091,0,0,NA,NA,NA,NA
1092,0,0,NA,NA,NA,NA
1093,0,0,NA,NA,NA,NA
1094,0,1.135,NA,NA,NA,NA
1095,0,0,NA,NA,NA,NA
1096,0,0,NA,NA,NA,NA
1097,0,0,NA,NA,NA,NA
1098,0,0,NA,NA,NA,NA
1099,0,0.528,NA,NA,NA,NA
1100,0,0,NA,NA,NA,NA
1101,0,0,NA,NA,NA,NA
1102,0,0,NA,NA,NA,NA
1103,0,0.165,NA,NA,NA,NA
1104,0,0,NA,NA,NA,NA
1105,0,0,NA,NA,NA,NA
1106,0,0,NA,NA,NA,NA
1107,0,0,NA,NA,NA,NA
1108,0,0,NA,NA,NA,NA
1109,0,0,NA,NA,NA,NA
1110,0,0,NA,NA,NA,NA
1111,0,0,NA,NA,NA,NA
1112,1,327.515,Sedan,"(102, 179)","(335, 360)",Red
1113,1,237.599,Sedan,"(103, 182)","(317, 360)",Red
1114,1,283.722,Sedan,"(99, 185)","(300, 358)",Red
1115,1,263.745,Sedan,"(96, 184)","(286, 358)",Red
1116,1,271.995,Sedan,"(100, 185)","(271, 356)",Red
1117,1,222.996,Sedan,"(102, 183)","(256, 360)",Red
1118,1,234.998,Hatchback,"(101, 187)","(231, 360)",Red
1119,1,307.401,Hatchback,"(108, 181)","(217, 360)",Red
1120,1,233.208,Hatchback,"(101, 184)","(193, 354)",Red
1121,1,243.966,Sedan,"(103, 184)","(186, 332)",Red
1122,1,202.568,Hatchback,"(104, 184)","(163, 321)",Red
1123,1,215.058,Hatchback,"(102, 183)","(152, 302)",Red
1124,1,222.67,Hatchback,"(103, 184)","(136, 281)",Red
1125,1,242.171,Hatchback,"(100, 184)","(112, 266)",Red
1126,1,245.369,Hatchback,"(101, 181)","(104, 243)",Red
1127,1,297.122,Hatchback,"(103, 185)","(82, 234)",Red
1128,1,294.14,Hatchback,"(102, 181)","(70, 216)",Red
1129,1,265.272,Sedan,"(102, 183)","(52, 195)",Red
1130,1,316.498,Sedan,"(100, 182)","(31, 182)",Red
1131,1,263.095,Sedan,"(101, 179)","(16, 162)",Red
1132,1,233.762,Sedan,"(102, 180)","(9, 145)",Red
1133,1,248.648,Sedan,"(102, 177)","(0, 133)",Red
1134,1,275.751,Sedan,"(101, 178)","(0, 123)",Red
1135,1,265.147,Sedan,"(102, 181)","(0, 102)",Red
1136,1,314.399,Sedan,"(96, 181)","(0, 82)",Red
1137,1,245.848,Sedan,"(96, 182)","(0, 71)",Red
1138,1,253.453,Sedan,"(89, 181)","(3, 49)",Red
1139,1,274.531,Sedan,"(87, 173)","(0, 37)",Red
1140,0,0,NA,NA,NA,NA
1141,0,0,NA,NA,NA,NA
1142,0,0,NA,NA,NA,NA
1143,0,0,NA,NA,NA,NA
1144,0,0,NA,NA,NA,NA
1145,0,1,NA,NA,NA,NA
1146,0,0,NA,NA,NA,NA
1147,0,0,NA,NA,NA,NA
1148,0,1,NA,NA,NA,NA
1149,0,0.983,NA,NA,NA,NA
1150,0,0,NA,NA,NA,NA
1151,0,0,NA,NA,NA,NA
1152,0,1.007,NA,NA,NA,NA
1153,0,0,NA,NA,NA,NA
1154,0,0.992,NA,NA,NA,NA
1155,0,0,NA,NA,NA,NA
1156,0,0,NA,NA,NA,NA
1157,0,0,NA,NA,NA,NA
1158,0,0,NA,NA,NA,NA
1159,0,8.109,NA,NA,NA,NA
1160,0,0,NA,NA,NA,NA
1161,0,0,NA,NA,NA,NA
1162,0,0,NA,NA,NA,NA
1163,0,0,NA,NA,NA,NA
1164,0,0,NA,NA,NA,NA
1165,0,0.999,NA,NA,NA,NA
1166,0,1.005,NA,NA,NA,NA
1167,0,0,NA,NA,NA,NA
1168,0,0,NA,NA,NA,NA
1169,0,0,NA,NA,NA,NA
1170,0,0.966,NA,NA,NA,NA
1171,0,0,NA,NA,NA,NA
1172,0,0,NA,NA,NA,NA
1173,0,1.033,NA,NA,NA,NA
1174,0,0,NA,NA,NA,NA
1175,0,0,NA,NA,NA,NA
1176,0,1.003,NA,NA,NA,NA
1177,0,0,NA,NA,NA,NA
1178,0,1,NA,NA,NA,NA
1179,0,0,NA,NA,NA,NA
1180,0,0,NA,NA,NA,NA
1181,0,0,NA,NA,NA,NA
1182,0,0.535,NA,NA,NA,NA
1183,0,0,NA,NA,NA,NA
1184,0,0,NA,NA,NA,NA
1185,0,0,NA,NA,NA,NA
1186,0,0,NA,NA,NA,NA
1187,0,0,NA,NA,NA,NA
1188,0,0,NA,NA,NA,NA
1189,0,0,NA,NA,NA,NA
1190,0,0,NA,NA,NA,NA
1191,0,0,NA,NA,NA,NA
1192,0,0,NA,NA,NA,NA
1193,0,1,NA,NA,NA,NA
1194,0,0,NA,NA,NA,NA
1195,0,0,NA,NA,NA,NA
1196,0,1.049,NA,NA,NA,NA
1197,0,0,NA,NA,NA,NA
1198,0,0,NA,NA,NA,NA
1199,0,0,NA,NA,NA,NA
1200,0,0,NA,NA,NA,NA
1201,0,0,NA,NA,NA,NA
1202,0,0,NA,NA,NA,NA
1203,0,0,NA,NA,NA,NA
1204,0,0,NA,NA,NA,NA
1205,0,0,NA,NA,NA,NA
1206,0,0,NA,NA,NA,NA
1207,0,0,NA,NA,NA,NA
1208,0,0,NA,NA,NA,NA
1209,0,0,NA,NA,NA,NA
1210,0,0,NA,NA,NA,NA
1211,0,0,NA,NA,NA,NA
1212,0,0,NA,NA,NA,NA
1213,0,0,NA,NA,NA,NA
1214,0,0,NA,NA,NA,NA
1215,0,0,NA,NA,NA,NA
1216,0,0,NA,NA,NA,NA
1217,0,0,NA,NA,NA,NA
1218,0,0.998,NA,NA,NA,NA
1219,0,0,NA,NA,NA,NA
1220,0,1.002,NA,NA,NA,NA
1221,0,0,NA,NA,NA,NA
1222,0,1.045,NA,NA,NA,NA
1223,0,0,NA,NA,NA,NA
1224,0,0,NA,NA,NA,NA
1225,0,0.962,NA,NA,NA,NA
1226,0,0,NA,NA,NA,NA
1227,0,0,NA,NA,NA,NA
1228,0,0,NA,NA,NA,NA
1229,0,0,NA,NA,NA,NA
1230,0,0,NA,NA,NA,NA
1231,0,0,NA,NA,NA,NA
1232,0,0,NA,NA,NA,NA
1233,0,0,NA,NA,NA,NA
1234,0,0,NA,NA,NA,NA
1235,0,0,NA,NA,NA,NA
1236,0,1.001,NA,NA,NA,NA
1237,0,0,NA,NA,NA,NA
1238,0,0,NA,NA,NA,NA
1239,0,0,NA,NA,NA,NA
1240,0,0,NA,NA,NA,NA
1241,0,1.193,NA,NA,NA,NA
1242,0,0,NA,NA,NA,NA
1243,0,0,NA,NA,NA,NA
1244,0,0,NA,NA,NA,NA
1245,0,0,NA,NA,NA,NA
1246,0,0,NA,NA,NA,NA
1247,0,1.004,NA,NA,NA,NA
1248,0,0,NA,NA,NA,NA
1249,0,0.999,NA,NA,NA,NA
1250,0,0,NA,NA,NA,NA
1251,0,0,NA,NA,NA,NA
1252,0,0,NA,NA,NA,NA
1253,0,0,NA,NA,NA,NA
1254,0,0,NA,NA,NA,NA
1255,0,0,NA,NA,NA,NA
1256,0,0,NA,NA,NA,NA
1257,0,0,NA,NA,NA,NA
1258,0,1.001,NA,NA,NA,NA
1259,0,1,NA,NA,NA,NA
1260,0,0,NA,NA,NA,NA
1261,0,0,NA,NA,NA,NA
1262,0,0,NA,NA,NA,NA
1263,0,0,NA,NA,NA,NA
1264,0,0,NA,NA,NA,NA
1265,0,1.001,NA,NA,NA,NA
1266,0,0,NA,NA,NA,NA
1267,0,0,NA,NA,NA,NA
1268,0,0,NA,NA,NA,NA
1269,0,0,NA,NA,NA,NA
1270,0,0,NA,NA,NA,NA
1271,0,0,NA,NA,NA,NA
1272,0,0,NA,NA,NA,NA
1273,0,0,NA,NA,NA,NA
1274,0,0,NA,NA,NA,NA
1275,0,1.045,NA,NA,NA,NA
1276,0,0,NA,NA,NA,NA
1277,0,0,NA,NA,NA,NA
1278,0,0,NA,NA,NA,NA
1279,0,0,NA,NA,NA,NA
1280,0,1.002,NA,NA,NA,NA
1281,0,0,NA,NA,NA,NA
1282,0,0,NA,NA,NA,NA
1283,0,1.051,NA,NA,NA,NA
1284,0,0,NA,NA,NA,NA
1285,0,0,NA,NA,NA,NA
1286,0,0,NA,NA,NA,NA
1287,0,0,NA,NA,NA,NA
1288,0,0,NA,NA,NA,NA
1289,0,0,NA,NA,NA,NA
1290,0,0.998,NA,NA,NA,NA
1291,0,0,NA,NA,NA,NA
1292,0,0,NA,NA,NA,NA
1293,0,0,NA,NA,NA,NA
1294,0,0,NA,NA,NA,NA
1295,0,0,NA,NA,NA,NA
1296,0,0,NA,NA,NA,NA
1297,0,0,NA,NA,NA,NA
1298,0,0,NA,NA,NA,NA
1299,0,0,NA,NA,NA,NA
1300,0,0,NA,NA,NA,NA
1301,0,0,NA,NA,NA,NA
1302,0,0,NA,NA,NA,NA
1303,0,1.005,NA,NA,NA,NA
1304,0,1.001,NA,NA,NA,NA
1305,0,0,NA,NA,NA,NA
1306,0,1.04,NA,NA,NA,NA
1307,0,0,NA,NA,NA,NA
1308,0,0,NA,NA,NA,NA
1309,0,0,NA,NA,NA,NA
1310,0,0,NA,NA,NA,NA
1311,0,1.053,NA,NA,NA,NA
1312,0,0,NA,NA,NA,NA
1313,0,0,NA,NA,NA,NA
1314,0,0,NA,NA,NA,NA
1315,0,0,NA,NA,NA,NA
1316,0,0,NA,NA,NA,NA
1317,0,1.043,NA,NA,NA,NA
1318,0,0,NA,NA,NA,NA
1319,0,1.022,NA,NA,NA,NA
1320,0,0,NA,NA,NA,NA
1321,0,0,NA,NA,NA,NA
1322,0,0,NA,NA,NA,NA
1323,0,0,NA,NA,NA,NA
1324,0,0,NA,NA,NA,NA
1325,0,0,NA,NA,NA,NA
1326,0,0,NA,NA,NA,NA
1327,0,0,NA,NA,NA,NA
1328,0,0,NA,NA,NA,NA
1329,0,0,NA,NA,NA,NA
1330,0,0,NA,NA,NA,NA
1331,0,0,NA,NA,NA,NA
1332,0,0,NA,NA,NA,NA
1333,0,0,NA,NA,NA,NA
1334,0,0,NA,NA,NA,NA
1335,0,0,NA,NA,NA,NA
1336,0,0,NA,NA,NA,NA
1337,0,0,NA,NA,NA,NA
1338,0,0,NA,NA,NA,NA
1339,0,0,NA,NA,NA,NA
1340,0,1.002,NA,NA,NA,NA
1341,0,0,NA,NA,NA,NA
1342,0,0,NA,NA,NA,NA
1343,0,1.028,NA,NA,NA,NA
1344,0,0,NA,NA,NA,NA
1345,0,0,NA,NA,NA,NA
1346,0,0,NA,NA,NA,NA
1347,0,0,NA,NA,NA,NA
1348,0,0,NA,NA,NA,NA
1349,0,0,NA,NA,NA,NA
1350,0,0,NA,NA,NA,NA
1351,0,0,NA,NA,NA,NA
1352,0,0,NA,NA,NA,NA
1353,0,0,NA,NA,NA,NA
1354,0,0,NA,NA,NA,NA
1355,0,0,NA,NA,NA,NA
1356,0,0,NA,NA,NA,NA
1357,0,0,NA,NA,NA,NA
1358,0,0,NA,NA,NA,NA
1359,0,0,NA,NA,NA,NA
1360,0,0,NA,NA,NA,NA
1361,0,0,NA,NA,NA,NA
1362,0,0,NA,NA,NA,NA
1363,0,0,NA,NA,NA,NA
1364,0,0,NA,NA,NA,NA
1365,0,0,NA,NA,NA,NA
1366,0,0,NA,NA,NA,NA
1367,0,0,NA,NA,NA,NA
1368,0,0,NA,NA,NA,NA
1369,0,0,NA,NA,NA,NA
1370,0,0,NA,NA,NA,NA
1371,0,1.024,NA,NA,NA,NA
1372,0,0,NA,NA,NA,NA
1373,0,0,NA,NA,NA,NA
1374,0,0,NA,NA,NA,NA
1375,0,0,NA,NA,NA,NA
1376,0,0,NA,NA,NA,NA
1377,0,0,NA,NA,NA,NA
1378,0,0,NA,NA,NA,NA
1379,0,0.525,NA,NA,NA,NA
1380,0,0,NA,NA,NA,NA
1381,0,0,NA,NA,NA,NA
1382,0,0,NA,NA,NA,NA
1383,0,0,NA,NA,NA,NA
1384,0,0,NA,NA,NA,NA
1385,0,0,NA,NA,NA,NA
1386,0,0,NA,NA,NA,NA
1387,0,0.539,NA,NA,NA,NA
1388,0,0,NA,NA,NA,NA
1389,0,0,NA,NA,NA,NA
1390,0,0,NA,NA,NA,NA
1391,0,0,NA,NA,NA,NA
1392,0,0,NA,NA,NA,NA
1393,0,0,NA,NA,NA,NA
1394,0,0,NA,NA,NA,NA
1395,0,0,NA,NA,NA,NA
1396,0,0,NA,NA,NA,NA
1397,0,0,NA,NA,NA,NA
1398,0,0,NA,NA,NA,NA
1399,0,0,NA,NA,NA,NA
1400,0,0,NA,NA,NA,NA
1401,0,0,NA,NA,NA,NA
1402,0,0.16,NA,NA,NA,NA
1403,0,0,NA,NA,NA,NA
1404,0,0,NA,NA,NA,NA
1405,0,0,NA,NA,NA,NA
1406,0,0,NA,NA,NA,NA
1407,0,0,NA,NA,NA,NA
1408,0,0,NA,NA,NA,NA
1409,0,0.999,NA,NA,NA,NA
1410,0,0,NA,NA,NA,NA
1411,0,0,NA,NA,NA,NA
1412,0,0,NA,NA,NA,NA
1413,0,0,NA,NA,NA,NA
1414,0,0.13,NA,NA,NA,NA
1415,0,0,NA,NA,NA,NA
1416,0,0,NA,NA,NA,NA
1417,0,0,NA,NA,NA,NA
1418,0,0,NA,NA,NA,NA
1419,0,0,NA,NA,NA,NA
1420,0,0,NA,NA,NA,NA
1421,0,0,NA,NA,NA,NA
1422,0,1.002,NA,NA,NA,NA
1423,0,0,NA,NA,NA,NA
1424,0,0.997,NA,NA,NA,NA
1425,0,1.02,NA,NA,NA,NA
1426,0,0,NA,NA,NA,NA
1427,0,0,NA,NA,NA,NA
1428,0,0,NA,NA,NA,NA
1429,0,0,NA,NA,NA,NA
1430,0,0,NA,NA,NA,NA
1431,0,0,NA,NA,NA,NA
1432,0,0,NA,NA,NA,NA
1433,0,0,NA,NA,NA,NA
1434,0,0,NA,NA,NA,NA
1435,0,0,NA,NA,NA,NA
1436,0,0,NA,NA,NA,NA
1437,1,219.324,Sedan,"(95, 187)","(292, 360)",Blue
1438,1,172.25,Sedan,"(92, 188)","(266, 360)",Blue
1439,1,210.528,Sedan,"(92, 181)","(259, 360)",Blue
1440,1,192.012,Sedan,"(82, 193)","(227, 360)",Blue
1441,1,171.999,Sedan,"(100, 184)","(214, 360)",Blue
1442,1,182.993,Hatchback,"(88, 189)","(188, 348)",Blue
1443,1,182.995,Hatchback,"(103, 186)","(128, 358)",Blue
1444,1,167.86,Hatchback,"(103, 185)","(140, 322)",Blue
1445,1,161.694,Hatchback,"(103, 186)","(118, 306)",Blue
1446,1,192.427,Hatchback,"(101, 185)","(94, 281)",Blue
1447,1,212.277,Hatchback,"(102, 182)","(94, 259)",Blue
1448,1,163.522,Hatchback,"(102, 185)","(65, 243)",Blue
1449,1,191.908,Hatchback,"(101, 184)","(43, 220)",Blue
1450,1,151.404,Hatchback,"(102, 181)","(33, 202)",Blue
1451,1,232.603,Hatchback,"(100, 183)","(8, 181)",Blue
1452,1,163.598,Hatchback,"(100, 184)","(0, 163)",Blue
1453,1,169.802,Hatchback,"(105, 179)","(0, 137)",Blue
1454,1,153.306,Hatchback,"(100, 178)","(0, 124)",Blue
1455,1,174.12,Hatchback,"(104, 180)","(0, 100)",Blue
1456,1,210.075,Sedan,"(101, 181)","(0, 79)",Blue
1457,1,189.866,Sedan,"(96, 182)","(0, 65)",Blue
1458,1,202.199,Sedan,"(82, 182)","(2, 48)",Blue
1459,0,0,NA,NA,NA,NA
1460,0,0,NA,NA,NA,NA
1461,0,0,NA,NA,NA,NA
1462,0,0,NA,NA,NA,NA
1463,0,0,NA,NA,NA,NA
1464,0,0,NA,NA,NA,NA
1465,0,0,NA,NA,NA,NA
1466,0,0,NA,NA,NA,NA
1467,0,0,NA,NA,NA,NA
1468,0,0,NA,NA,NA,NA
1469,0,0,NA,NA,NA,NA
1470,1,191.181,Sedan,"(158, 258)","(0, 80)",Silver
1471,0,0,NA,NA,NA,NA
1472,1,200.988,Hatchback,"(166, 255)","(1, 122)",Silver
1473,1,213.998,Hatchback,"(179, 248)","(7, 138)",Silver
1474,0,0,NA,NA,NA,NA
1475,1,226.094,Hatchback,"(153, 259)","(24, 179)",Silver
1476,1,232.835,Hatchback,"(154, 258)","(50, 204)",Silver
1477,1,212.095,Hatchback,"(174, 253)","(77, 219)",Silver
1478,0,0,NA,NA,NA,NA
1479,1,174.999,Hatchback,"(155, 257)","(107, 263)",Silver
1480,1,209,Hatchback,"(156, 258)","(137, 289)",Silver
1481,1,223.997,Hatchback,"(157, 259)","(158, 304)",Silver
1482,1,192.099,Hatchback,"(161, 258)","(179, 326)",Silver
1483,1,171.569,Hatchback,"(159, 258)","(195, 347)",Silver
1484,1,199.044,Hatchback,"(172, 257)","(213, 358)",Silver
1485,0,0,NA,NA,NA,NA
1486,0,0,NA,NA,NA,NA
1487,0,0,NA,NA,NA,NA
1488,0,0,NA,NA,NA,NA
1489,0,0,NA,NA,NA,NA
1490,0,0,NA,NA,NA,NA
1491,0,0,NA,NA,NA,NA
1492,0,0,NA,NA,NA,NA
1493,0,0,NA,NA,NA,NA
1494,0,0,NA,NA,NA,NA
